2026-08-25T08:13:19.614072Z  INFO herdr::platform::macos: raised server file descriptor soft limit previous=2560 target=8192
2026-08-25T08:13:19.614324Z  INFO herdr::api::server: api server listening path=/Users/hl1sqi/.config/herdr/herdr.sock
2026-08-25T08:13:19.615432Z  INFO herdr::app: using pane scrollback configuration pane_scrollback_limit_bytes=10000000
2026-08-25T08:13:19.632984Z  INFO herdr::logging: checking for updates event="update.check.start" subsystem="update" outcome="started"
2026-08-25T08:13:19.639771Z  INFO herdr::logging: spawning pane terminal event="pane.spawn.start" subsystem="pane" outcome="started" pane_id=1 rows=40 cols=120 scrollback_limit_bytes=10000000
2026-08-25T08:13:19.643397Z  INFO herdr::logging: pane child spawned event="pane.spawned" subsystem="pane" outcome="ok" pane_id=1 pid=85080
2026-08-25T08:13:19.643642Z  INFO herdr::logging: workspace created event="workspace.create" subsystem="workspace" outcome="ok" workspace_id="w1" pane_id=1
2026-08-25T08:13:19.643659Z  INFO herdr::logging: workspace focused event="workspace.focus" subsystem="workspace" outcome="ok" workspace_id="w1"
2026-08-25T08:13:19.643685Z  INFO herdr::logging: tab focused event="tab.focus" subsystem="tab" outcome="ok" workspace_id="w1" tab_id="w1:t1"
2026-08-25T08:13:19.643720Z  INFO herdr::server::headless: created startup workspace cwd=/Users/hl1sqi
2026-08-25T08:13:19.643823Z  INFO herdr::server::headless: client protocol socket listening path=/Users/hl1sqi/.config/herdr/herdr-client.sock
2026-08-25T08:13:19.643859Z  INFO herdr::server::headless: herdr server started api_socket=/Users/hl1sqi/.config/herdr/herdr.sock client_socket=/Users/hl1sqi/.config/herdr/herdr-client.sock
2026-08-25T08:13:19.644110Z  INFO herdr::logging: herdr starting event="app.startup" subsystem="server" outcome="started" pid=85007
2026-08-25T08:13:19.896794Z  INFO herdr::server::headless: client connected client_id=2 cols=196 rows=59 cell_width_px=0 cell_height_px=0 render_encoding=SemanticFrame
2026-08-25T08:13:24.154239Z  INFO herdr::logging: pane child exited event="pane.exit" subsystem="pane" outcome="completed" pane_id=1 status="ExitStatus { code: 0, signal: None }"
2026-08-25T08:13:24.154376Z  INFO herdr::pane: pane session terminated pane=1 pid=85080 signal=Hangup
2026-08-25T08:13:24.154553Z  INFO herdr::logging: spawning pane terminal event="pane.spawn.start" subsystem="pane" outcome="started" pane_id=2 rows=58 cols=170 scrollback_limit_bytes=10000000
2026-08-25T08:13:24.160253Z  INFO herdr::logging: pane child spawned event="pane.spawned" subsystem="pane" outcome="ok" pane_id=2 pid=85581
2026-08-25T08:13:24.160482Z  INFO herdr::logging: workspace created event="workspace.create" subsystem="workspace" outcome="ok" workspace_id="w2" pane_id=2
2026-08-25T08:13:24.160489Z  INFO herdr::logging: workspace focused event="workspace.focus" subsystem="workspace" outcome="ok" workspace_id="w2"
2026-08-25T08:13:24.160508Z  INFO herdr::logging: tab focused event="tab.focus" subsystem="tab" outcome="ok" workspace_id="w2" tab_id="w2:t1"
2026-08-25T08:13:29.165986Z  INFO herdr::logging: session saved event="persist.save" subsystem="persist" outcome="ok" path=/Users/hl1sqi/.config/herdr/session.json workspaces=1
2026-08-25T08:13:30.185569Z  INFO herdr::logging: pane child exited event="pane.exit" subsystem="pane" outcome="completed" pane_id=2 status="ExitStatus { code: 0, signal: None }"
2026-08-25T08:13:30.185759Z  INFO herdr::pane: pane session terminated pane=2 pid=85581 signal=Hangup
2026-08-25T08:13:30.185902Z  INFO herdr::logging: spawning pane terminal event="pane.spawn.start" subsystem="pane" outcome="started" pane_id=3 rows=58 cols=170 scrollback_limit_bytes=10000000
2026-08-25T08:13:30.190023Z  INFO herdr::logging: pane child spawned event="pane.spawned" subsystem="pane" outcome="ok" pane_id=3 pid=86081
2026-08-25T08:13:30.190296Z  INFO herdr::logging: workspace created event="workspace.create" subsystem="workspace" outcome="ok" workspace_id="w3" pane_id=3
2026-08-25T08:13:30.190304Z  INFO herdr::logging: workspace focused event="workspace.focus" subsystem="workspace" outcome="ok" workspace_id="w3"
2026-08-25T08:13:30.190355Z  INFO herdr::logging: tab focused event="tab.focus" subsystem="tab" outcome="ok" workspace_id="w3" tab_id="w3:t1"
2026-08-25T08:13:35.195450Z  INFO herdr::logging: session saved event="persist.save" subsystem="persist" outcome="ok" path=/Users/hl1sqi/.config/herdr/session.json workspaces=1
2026-08-25T08:14:28.836667Z  INFO herdr::server::headless: client detach requested via keybind client_id=2
2026-08-25T08:14:28.841181Z  INFO herdr::server::headless: client disconnected client_id=2
2026-08-25T08:19:37.701274Z  INFO herdr::server::headless: client connected client_id=4 cols=196 rows=59 cell_width_px=0 cell_height_px=0 render_encoding=SemanticFrame
2026-08-25T08:19:46.422864Z  INFO herdr::logging: tab focused event="tab.focus" subsystem="tab" outcome="ok" workspace_id="w3" tab_id="w3:t1"
2026-08-25T08:19:51.426834Z  INFO herdr::logging: session saved event="persist.save" subsystem="persist" outcome="ok" path=/Users/hl1sqi/.config/herdr/session.json workspaces=1
2026-08-25T08:19:58.601510Z  INFO herdr::logging: tab focused event="tab.focus" subsystem="tab" outcome="ok" workspace_id="w3" tab_id="w3:t1"
2026-08-25T08:20:03.605367Z  INFO herdr::logging: session saved event="persist.save" subsystem="persist" outcome="ok" path=/Users/hl1sqi/.config/herdr/session.json workspaces=1
2026-08-25T08:20:26.495949Z  INFO herdr::logging: spawning pane terminal event="pane.spawn.start" subsystem="pane" outcome="started" pane_id=4 rows=58 cols=170 scrollback_limit_bytes=10000000
2026-08-25T08:20:26.502996Z  INFO herdr::logging: pane child spawned event="pane.spawned" subsystem="pane" outcome="ok" pane_id=4 pid=87777
2026-08-25T08:20:26.503594Z  INFO herdr::logging: workspace created event="workspace.create" subsystem="workspace" outcome="ok" workspace_id="w4" pane_id=4
2026-08-25T08:20:26.503671Z  INFO herdr::logging: workspace focused event="workspace.focus" subsystem="workspace" outcome="ok" workspace_id="w4"
2026-08-25T08:20:26.503764Z  INFO herdr::logging: tab focused event="tab.focus" subsystem="tab" outcome="ok" workspace_id="w4" tab_id="w4:t1"
2026-08-25T08:20:31.507988Z  INFO herdr::logging: session saved event="persist.save" subsystem="persist" outcome="ok" path=/Users/hl1sqi/.config/herdr/session.json workspaces=2
2026-08-25T08:20:36.267542Z  INFO herdr::logging: pane child exited event="pane.exit" subsystem="pane" outcome="completed" pane_id=4 status="ExitStatus { code: 0, signal: None }"
2026-08-25T08:20:36.267705Z  INFO herdr::pane: pane session terminated pane=4 pid=87777 signal=Hangup
2026-08-25T08:20:41.270370Z  INFO herdr::logging: session saved event="persist.save" subsystem="persist" outcome="ok" path=/Users/hl1sqi/.config/herdr/session.json workspaces=1
2026-08-25T08:21:08.191340Z  INFO herdr::logging: spawning pane terminal event="pane.spawn.start" subsystem="pane" outcome="started" pane_id=5 rows=58 cols=170 scrollback_limit_bytes=10000000
2026-08-25T08:21:08.197416Z  INFO herdr::logging: pane child spawned event="pane.spawned" subsystem="pane" outcome="ok" pane_id=5 pid=88390
2026-08-25T08:21:08.197848Z  INFO herdr::logging: tab focused event="tab.focus" subsystem="tab" outcome="ok" workspace_id="w3" tab_id="w3:t2"
2026-08-25T08:21:10.306709Z  INFO herdr::logging: tab focused event="tab.focus" subsystem="tab" outcome="ok" workspace_id="w3" tab_id="w3:t1"
2026-08-25T08:21:11.537086Z  INFO herdr::logging: tab focused event="tab.focus" subsystem="tab" outcome="ok" workspace_id="w3" tab_id="w3:t2"
2026-08-25T08:21:16.539790Z  INFO herdr::logging: session saved event="persist.save" subsystem="persist" outcome="ok" path=/Users/hl1sqi/.config/herdr/session.json workspaces=1
2026-08-25T08:21:29.157217Z  INFO herdr::logging: tab focused event="tab.focus" subsystem="tab" outcome="ok" workspace_id="w3" tab_id="w3:t1"
2026-08-25T08:21:30.642156Z  INFO herdr::logging: tab focused event="tab.focus" subsystem="tab" outcome="ok" workspace_id="w3" tab_id="w3:t2"
2026-08-25T08:21:35.645699Z  INFO herdr::logging: session saved event="persist.save" subsystem="persist" outcome="ok" path=/Users/hl1sqi/.config/herdr/session.json workspaces=1
2026-08-25T08:22:36.949929Z  INFO herdr::logging: spawning pane terminal event="pane.spawn.start" subsystem="pane" outcome="started" pane_id=6 rows=58 cols=170 scrollback_limit_bytes=10000000
2026-08-25T08:22:36.957438Z  INFO herdr::logging: pane child spawned event="pane.spawned" subsystem="pane" outcome="ok" pane_id=6 pid=88974
2026-08-25T08:22:36.957880Z  INFO herdr::logging: tab focused event="tab.focus" subsystem="tab" outcome="ok" workspace_id="w3" tab_id="w3:t3"
2026-08-25T08:22:40.547175Z  INFO herdr::logging: tab focused event="tab.focus" subsystem="tab" outcome="ok" workspace_id="w3" tab_id="w3:t1"
2026-08-25T08:22:45.549522Z  INFO herdr::logging: session saved event="persist.save" subsystem="persist" outcome="ok" path=/Users/hl1sqi/.config/herdr/session.json workspaces=1
2026-08-25T08:22:47.298880Z  INFO herdr::logging: tab focused event="tab.focus" subsystem="tab" outcome="ok" workspace_id="w3" tab_id="w3:t3"
2026-08-25T08:22:49.126897Z  INFO herdr::logging: tab focused event="tab.focus" subsystem="tab" outcome="ok" workspace_id="w3" tab_id="w3:t1"
2026-08-25T08:22:49.818969Z  INFO herdr::logging: tab focused event="tab.focus" subsystem="tab" outcome="ok" workspace_id="w3" tab_id="w3:t2"
2026-08-25T08:22:54.822274Z  INFO herdr::logging: session saved event="persist.save" subsystem="persist" outcome="ok" path=/Users/hl1sqi/.config/herdr/session.json workspaces=1
2026-08-25T08:23:08.745114Z  INFO herdr::logging: tab focused event="tab.focus" subsystem="tab" outcome="ok" workspace_id="w3" tab_id="w3:t3"
2026-08-25T08:23:10.595045Z  INFO herdr::logging: pane child exited event="pane.exit" subsystem="pane" outcome="completed" pane_id=6 status="ExitStatus { code: 0, signal: None }"
2026-08-25T08:23:10.595245Z  INFO herdr::pane: pane session terminated pane=6 pid=88974 signal=Hangup
2026-08-25T08:23:15.598688Z  INFO herdr::logging: session saved event="persist.save" subsystem="persist" outcome="ok" path=/Users/hl1sqi/.config/herdr/session.json workspaces=1
2026-08-25T08:23:40.122940Z  INFO herdr::logging: tab focused event="tab.focus" subsystem="tab" outcome="ok" workspace_id="w3" tab_id="w3:t1"
2026-08-25T08:23:45.127103Z  INFO herdr::logging: session saved event="persist.save" subsystem="persist" outcome="ok" path=/Users/hl1sqi/.config/herdr/session.json workspaces=1
2026-08-25T08:23:53.765780Z  INFO herdr::logging: workspace focused event="workspace.focus" subsystem="workspace" outcome="ok" workspace_id="w3"
2026-08-25T08:23:53.765913Z  INFO herdr::logging: tab focused event="tab.focus" subsystem="tab" outcome="ok" workspace_id="w3" tab_id="w3:t1"
2026-08-25T08:23:58.769406Z  INFO herdr::logging: session saved event="persist.save" subsystem="persist" outcome="ok" path=/Users/hl1sqi/.config/herdr/session.json workspaces=1
2026-08-25T08:26:02.868980Z  INFO herdr::logging: spawning pane terminal event="pane.spawn.start" subsystem="pane" outcome="started" pane_id=7 rows=58 cols=170 scrollback_limit_bytes=10000000
2026-08-25T08:26:02.876282Z  INFO herdr::logging: pane child spawned event="pane.spawned" subsystem="pane" outcome="ok" pane_id=7 pid=90006
2026-08-25T08:26:02.876704Z  INFO herdr::logging: tab focused event="tab.focus" subsystem="tab" outcome="ok" workspace_id="w3" tab_id="w3:t1"
2026-08-25T08:26:07.880930Z  INFO herdr::logging: session saved event="persist.save" subsystem="persist" outcome="ok" path=/Users/hl1sqi/.config/herdr/session.json workspaces=1
2026-08-25T08:26:23.540001Z  INFO herdr::logging: tab focused event="tab.focus" subsystem="tab" outcome="ok" workspace_id="w3" tab_id="w3:t1"
2026-08-25T08:26:25.811894Z  INFO herdr::logging: tab focused event="tab.focus" subsystem="tab" outcome="ok" workspace_id="w3" tab_id="w3:t1"
2026-08-25T08:26:28.330350Z  INFO herdr::logging: tab focused event="tab.focus" subsystem="tab" outcome="ok" workspace_id="w3" tab_id="w3:t1"
2026-08-25T08:26:33.335690Z  INFO herdr::logging: session saved event="persist.save" subsystem="persist" outcome="ok" path=/Users/hl1sqi/.config/herdr/session.json workspaces=1
2026-08-25T08:26:54.677853Z  INFO herdr::logging: tab focused event="tab.focus" subsystem="tab" outcome="ok" workspace_id="w3" tab_id="w3:t1"
2026-08-25T08:26:57.291624Z  INFO herdr::logging: spawning pane terminal event="pane.spawn.start" subsystem="pane" outcome="started" pane_id=8 rows=58 cols=85 scrollback_limit_bytes=10000000
2026-08-25T08:26:57.297585Z  INFO herdr::logging: pane child spawned event="pane.spawned" subsystem="pane" outcome="ok" pane_id=8 pid=94392
2026-08-25T08:26:57.297956Z  INFO herdr::logging: tab focused event="tab.focus" subsystem="tab" outcome="ok" workspace_id="w3" tab_id="w3:t1"
2026-08-25T08:26:59.024906Z  INFO herdr::logging: tab focused event="tab.focus" subsystem="tab" outcome="ok" workspace_id="w3" tab_id="w3:t1"
2026-08-25T08:27:00.933249Z  INFO herdr::logging: tab focused event="tab.focus" subsystem="tab" outcome="ok" workspace_id="w3" tab_id="w3:t1"
2026-08-25T08:27:05.937742Z  INFO herdr::logging: session saved event="persist.save" subsystem="persist" outcome="ok" path=/Users/hl1sqi/.config/herdr/session.json workspaces=1
2026-08-25T08:27:06.716226Z  INFO herdr::logging: tab focused event="tab.focus" subsystem="tab" outcome="ok" workspace_id="w3" tab_id="w3:t1"
2026-08-25T08:27:10.025486Z  INFO herdr::logging: tab focused event="tab.focus" subsystem="tab" outcome="ok" workspace_id="w3" tab_id="w3:t1"
2026-08-25T08:27:13.646325Z  INFO herdr::logging: tab focused event="tab.focus" subsystem="tab" outcome="ok" workspace_id="w3" tab_id="w3:t1"
2026-08-25T08:27:15.225328Z  INFO herdr::logging: tab focused event="tab.focus" subsystem="tab" outcome="ok" workspace_id="w3" tab_id="w3:t1"
2026-08-25T08:27:16.126256Z  INFO herdr::logging: tab focused event="tab.focus" subsystem="tab" outcome="ok" workspace_id="w3" tab_id="w3:t1"
2026-08-25T08:27:21.130729Z  INFO herdr::logging: session saved event="persist.save" subsystem="persist" outcome="ok" path=/Users/hl1sqi/.config/herdr/session.json workspaces=1
2026-08-25T08:27:39.344343Z  INFO herdr::logging: tab focused event="tab.focus" subsystem="tab" outcome="ok" workspace_id="w3" tab_id="w3:t1"
2026-08-25T08:27:40.177399Z  INFO herdr::logging: tab focused event="tab.focus" subsystem="tab" outcome="ok" workspace_id="w3" tab_id="w3:t1"
2026-08-25T08:27:41.164432Z  INFO herdr::logging: tab focused event="tab.focus" subsystem="tab" outcome="ok" workspace_id="w3" tab_id="w3:t1"
2026-08-25T08:27:41.928016Z  INFO herdr::logging: tab focused event="tab.focus" subsystem="tab" outcome="ok" workspace_id="w3" tab_id="w3:t1"
2026-08-25T08:27:46.932682Z  INFO herdr::logging: session saved event="persist.save" subsystem="persist" outcome="ok" path=/Users/hl1sqi/.config/herdr/session.json workspaces=1
2026-08-25T08:29:05.068456Z  INFO herdr::logging: tab focused event="tab.focus" subsystem="tab" outcome="ok" workspace_id="w3" tab_id="w3:t2"
2026-08-25T08:29:10.073552Z  INFO herdr::logging: session saved event="persist.save" subsystem="persist" outcome="ok" path=/Users/hl1sqi/.config/herdr/session.json workspaces=1
2026-08-25T08:29:16.585711Z  INFO herdr::logging: tab focused event="tab.focus" subsystem="tab" outcome="ok" workspace_id="w3" tab_id="w3:t1"
2026-08-25T08:29:20.214058Z  INFO herdr::logging: spawning pane terminal event="pane.spawn.start" subsystem="pane" outcome="started" pane_id=9 rows=58 cols=85 scrollback_limit_bytes=10000000
2026-08-25T08:29:20.220778Z  INFO herdr::logging: pane child spawned event="pane.spawned" subsystem="pane" outcome="ok" pane_id=9 pid=95733
2026-08-25T08:29:20.222251Z  INFO herdr::logging: workspace created event="workspace.create" subsystem="workspace" outcome="ok" workspace_id="w5" pane_id=9
2026-08-25T08:29:20.222293Z  INFO herdr::logging: workspace focused event="workspace.focus" subsystem="workspace" outcome="ok" workspace_id="w5"
2026-08-25T08:29:20.222341Z  INFO herdr::logging: tab focused event="tab.focus" subsystem="tab" outcome="ok" workspace_id="w5" tab_id="w5:t1"
2026-08-25T08:29:25.226854Z  INFO herdr::logging: session saved event="persist.save" subsystem="persist" outcome="ok" path=/Users/hl1sqi/.config/herdr/session.json workspaces=2
2026-08-25T08:29:30.739990Z  INFO herdr::logging: workspace focused event="workspace.focus" subsystem="workspace" outcome="ok" workspace_id="w5"
2026-08-25T08:29:30.740124Z  INFO herdr::logging: tab focused event="tab.focus" subsystem="tab" outcome="ok" workspace_id="w5" tab_id="w5:t1"
2026-08-25T08:29:35.743615Z  INFO herdr::logging: session saved event="persist.save" subsystem="persist" outcome="ok" path=/Users/hl1sqi/.config/herdr/session.json workspaces=2
2026-08-25T08:30:48.869611Z  INFO herdr::logging: workspace focused event="workspace.focus" subsystem="workspace" outcome="ok" workspace_id="w3"
2026-08-25T08:30:48.869699Z  INFO herdr::logging: tab focused event="tab.focus" subsystem="tab" outcome="ok" workspace_id="w3" tab_id="w3:t1"
2026-08-25T08:30:50.003488Z  INFO herdr::logging: workspace focused event="workspace.focus" subsystem="workspace" outcome="ok" workspace_id="w5"
2026-08-25T08:30:50.003640Z  INFO herdr::logging: tab focused event="tab.focus" subsystem="tab" outcome="ok" workspace_id="w5" tab_id="w5:t1"
2026-08-25T08:30:55.008483Z  INFO herdr::logging: session saved event="persist.save" subsystem="persist" outcome="ok" path=/Users/hl1sqi/.config/herdr/session.json workspaces=2
2026-08-25T08:31:39.682463Z  INFO herdr::logging: workspace focused event="workspace.focus" subsystem="workspace" outcome="ok" workspace_id="w3"
2026-08-25T08:31:39.682597Z  INFO herdr::logging: tab focused event="tab.focus" subsystem="tab" outcome="ok" workspace_id="w3" tab_id="w3:t1"
2026-08-25T08:31:44.687460Z  INFO herdr::logging: session saved event="persist.save" subsystem="persist" outcome="ok" path=/Users/hl1sqi/.config/herdr/session.json workspaces=2
2026-08-25T08:33:37.001410Z  INFO herdr::logging: tab focused event="tab.focus" subsystem="tab" outcome="ok" workspace_id="w3" tab_id="w3:t1"
2026-08-25T08:33:39.862535Z  INFO herdr::logging: tab focused event="tab.focus" subsystem="tab" outcome="ok" workspace_id="w3" tab_id="w3:t1"
2026-08-25T08:33:40.826834Z  INFO herdr::logging: tab focused event="tab.focus" subsystem="tab" outcome="ok" workspace_id="w3" tab_id="w3:t1"
2026-08-25T08:33:45.830366Z  INFO herdr::logging: session saved event="persist.save" subsystem="persist" outcome="ok" path=/Users/hl1sqi/.config/herdr/session.json workspaces=2
2026-08-25T08:34:47.740603Z  INFO herdr::logging: workspace focused event="workspace.focus" subsystem="workspace" outcome="ok" workspace_id="w5"
2026-08-25T08:34:47.740742Z  INFO herdr::logging: tab focused event="tab.focus" subsystem="tab" outcome="ok" workspace_id="w5" tab_id="w5:t1"
2026-08-25T08:34:52.744490Z  INFO herdr::logging: session saved event="persist.save" subsystem="persist" outcome="ok" path=/Users/hl1sqi/.config/herdr/session.json workspaces=2
2026-08-25T08:35:25.187603Z  INFO herdr::logging: workspace focused event="workspace.focus" subsystem="workspace" outcome="ok" workspace_id="w5"
2026-08-25T08:35:25.187756Z  INFO herdr::logging: tab focused event="tab.focus" subsystem="tab" outcome="ok" workspace_id="w5" tab_id="w5:t1"
2026-08-25T08:35:30.190905Z  INFO herdr::logging: session saved event="persist.save" subsystem="persist" outcome="ok" path=/Users/hl1sqi/.config/herdr/session.json workspaces=2
2026-08-25T08:35:30.536039Z  INFO herdr::logging: workspace focused event="workspace.focus" subsystem="workspace" outcome="ok" workspace_id="w3"
2026-08-25T08:35:30.536121Z  INFO herdr::logging: tab focused event="tab.focus" subsystem="tab" outcome="ok" workspace_id="w3" tab_id="w3:t1"
2026-08-25T08:35:35.539146Z  INFO herdr::logging: session saved event="persist.save" subsystem="persist" outcome="ok" path=/Users/hl1sqi/.config/herdr/session.json workspaces=2
2026-08-25T08:35:39.311826Z  INFO herdr::logging: workspace focused event="workspace.focus" subsystem="workspace" outcome="ok" workspace_id="w5"
2026-08-25T08:35:39.311959Z  INFO herdr::logging: tab focused event="tab.focus" subsystem="tab" outcome="ok" workspace_id="w5" tab_id="w5:t1"
2026-08-25T08:35:44.315239Z  INFO herdr::logging: session saved event="persist.save" subsystem="persist" outcome="ok" path=/Users/hl1sqi/.config/herdr/session.json workspaces=2
2026-08-25T08:35:50.561088Z  INFO herdr::logging: workspace focused event="workspace.focus" subsystem="workspace" outcome="ok" workspace_id="w5"
2026-08-25T08:35:50.561228Z  INFO herdr::logging: tab focused event="tab.focus" subsystem="tab" outcome="ok" workspace_id="w5" tab_id="w5:t1"
2026-08-25T08:35:53.941109Z  INFO herdr::logging: workspace focused event="workspace.focus" subsystem="workspace" outcome="ok" workspace_id="w3"
2026-08-25T08:35:53.941245Z  INFO herdr::logging: tab focused event="tab.focus" subsystem="tab" outcome="ok" workspace_id="w3" tab_id="w3:t1"
2026-08-25T08:35:58.944187Z  INFO herdr::logging: session saved event="persist.save" subsystem="persist" outcome="ok" path=/Users/hl1sqi/.config/herdr/session.json workspaces=2
2026-08-25T08:40:08.056156Z  INFO herdr::logging: workspace focused event="workspace.focus" subsystem="workspace" outcome="ok" workspace_id="w5"
2026-08-25T08:40:08.056310Z  INFO herdr::logging: tab focused event="tab.focus" subsystem="tab" outcome="ok" workspace_id="w5" tab_id="w5:t1"
2026-08-25T08:40:13.061088Z  INFO herdr::logging: session saved event="persist.save" subsystem="persist" outcome="ok" path=/Users/hl1sqi/.config/herdr/session.json workspaces=2
2026-08-25T08:40:17.236620Z  INFO herdr::logging: workspace focused event="workspace.focus" subsystem="workspace" outcome="ok" workspace_id="w3"
2026-08-25T08:40:17.236762Z  INFO herdr::logging: tab focused event="tab.focus" subsystem="tab" outcome="ok" workspace_id="w3" tab_id="w3:t1"
2026-08-25T08:40:22.240046Z  INFO herdr::logging: session saved event="persist.save" subsystem="persist" outcome="ok" path=/Users/hl1sqi/.config/herdr/session.json workspaces=2
2026-08-25T08:43:19.652336Z  INFO herdr::logging: checking for updates event="update.check.start" subsystem="update" outcome="started"
2026-08-25T08:53:41.753204Z  INFO herdr::logging: tab focused event="tab.focus" subsystem="tab" outcome="ok" workspace_id="w3" tab_id="w3:t1"
2026-08-25T08:53:42.317776Z  INFO herdr::app::actions: copied selection to clipboard
2026-08-25T08:53:46.756581Z  INFO herdr::logging: session saved event="persist.save" subsystem="persist" outcome="ok" path=/Users/hl1sqi/.config/herdr/session.json workspaces=2
2026-08-25T08:53:55.771610Z  INFO herdr::logging: session saved event="persist.save" subsystem="persist" outcome="ok" path=/Users/hl1sqi/.config/herdr/session.json workspaces=2
2026-08-25T08:53:57.521602Z  INFO herdr::app::actions: copied selection to clipboard
2026-08-25T08:53:57.987184Z  INFO herdr::logging: tab focused event="tab.focus" subsystem="tab" outcome="ok" workspace_id="w3" tab_id="w3:t1"
2026-08-25T08:54:02.991794Z  INFO herdr::logging: session saved event="persist.save" subsystem="persist" outcome="ok" path=/Users/hl1sqi/.config/herdr/session.json workspaces=2
2026-08-25T09:13:17.651576Z  INFO herdr::logging: checking for updates event="update.check.start" subsystem="update" outcome="started"
2026-08-25T09:43:17.661766Z  INFO herdr::logging: checking for updates event="update.check.start" subsystem="update" outcome="started"
2026-08-25T10:13:17.671114Z  INFO herdr::logging: checking for updates event="update.check.start" subsystem="update" outcome="started"
2026-08-25T10:43:19.554150Z  INFO herdr::logging: checking for updates event="update.check.start" subsystem="update" outcome="started"
2026-08-25T11:13:19.745456Z  INFO herdr::logging: checking for updates event="update.check.start" subsystem="update" outcome="started"
2026-08-25T11:43:19.713451Z  INFO herdr::logging: checking for updates event="update.check.start" subsystem="update" outcome="started"
2026-08-25T12:13:19.726582Z  INFO herdr::logging: checking for updates event="update.check.start" subsystem="update" outcome="started"
2026-08-25T12:43:19.726348Z  INFO herdr::logging: checking for updates event="update.check.start" subsystem="update" outcome="started"
2026-08-25T13:09:33.039262Z  INFO herdr::logging: tab focused event="tab.focus" subsystem="tab" outcome="ok" workspace_id="w3" tab_id="w3:t2"
2026-08-25T13:09:34.840945Z  INFO herdr::logging: tab focused event="tab.focus" subsystem="tab" outcome="ok" workspace_id="w3" tab_id="w3:t1"
2026-08-25T13:09:36.709226Z  INFO herdr::logging: tab focused event="tab.focus" subsystem="tab" outcome="ok" workspace_id="w3" tab_id="w3:t2"
2026-08-25T13:09:39.006114Z  INFO herdr::logging: tab focused event="tab.focus" subsystem="tab" outcome="ok" workspace_id="w3" tab_id="w3:t1"
2026-08-25T13:09:44.011540Z  INFO herdr::logging: session saved event="persist.save" subsystem="persist" outcome="ok" path=/Users/hl1sqi/.config/herdr/session.json workspaces=2
2026-08-25T13:10:10.432926Z  INFO herdr::logging: tab focused event="tab.focus" subsystem="tab" outcome="ok" workspace_id="w3" tab_id="w3:t2"
2026-08-25T13:10:13.515409Z  INFO herdr::logging: tab focused event="tab.focus" subsystem="tab" outcome="ok" workspace_id="w3" tab_id="w3:t1"
2026-08-25T13:10:16.060946Z  INFO herdr::logging: tab focused event="tab.focus" subsystem="tab" outcome="ok" workspace_id="w3" tab_id="w3:t1"
2026-08-25T13:10:17.161287Z  INFO herdr::logging: tab focused event="tab.focus" subsystem="tab" outcome="ok" workspace_id="w3" tab_id="w3:t2"
2026-08-25T13:10:18.425813Z  INFO herdr::logging: tab focused event="tab.focus" subsystem="tab" outcome="ok" workspace_id="w3" tab_id="w3:t1"
2026-08-25T13:10:19.207012Z  INFO herdr::logging: tab focused event="tab.focus" subsystem="tab" outcome="ok" workspace_id="w3" tab_id="w3:t2"
2026-08-25T13:10:20.445136Z  INFO herdr::logging: tab focused event="tab.focus" subsystem="tab" outcome="ok" workspace_id="w3" tab_id="w3:t1"
2026-08-25T13:10:25.449234Z  INFO herdr::logging: session saved event="persist.save" subsystem="persist" outcome="ok" path=/Users/hl1sqi/.config/herdr/session.json workspaces=2
2026-08-25T13:13:19.731991Z  INFO herdr::logging: checking for updates event="update.check.start" subsystem="update" outcome="started"
2026-08-25T13:18:08.871726Z  INFO herdr::logging: tab focused event="tab.focus" subsystem="tab" outcome="ok" workspace_id="w3" tab_id="w3:t1"
2026-08-25T13:18:13.877709Z  INFO herdr::logging: session saved event="persist.save" subsystem="persist" outcome="ok" path=/Users/hl1sqi/.config/herdr/session.json workspaces=2
2026-08-25T13:19:26.521942Z  INFO herdr::logging: session saved event="persist.save" subsystem="persist" outcome="ok" path=/Users/hl1sqi/.config/herdr/session.json workspaces=2
2026-08-25T13:20:25.004460Z  INFO herdr::logging: pane child exited event="pane.exit" subsystem="pane" outcome="completed" pane_id=7 status="ExitStatus { code: 0, signal: None }"
2026-08-25T13:20:25.004730Z  INFO herdr::pane: pane session terminated pane=7 pid=90006 signal=Hangup
2026-08-25T13:20:29.649726Z  INFO herdr::logging: pane child exited event="pane.exit" subsystem="pane" outcome="completed" pane_id=3 status="ExitStatus { code: 0, signal: None }"
2026-08-25T13:20:29.649885Z  INFO herdr::pane: pane session terminated pane=3 pid=86081 signal=Hangup
2026-08-25T13:20:30.885956Z  INFO herdr::logging: pane child exited event="pane.exit" subsystem="pane" outcome="completed" pane_id=8 status="ExitStatus { code: 0, signal: None }"
2026-08-25T13:20:30.886134Z  INFO herdr::pane: pane session terminated pane=8 pid=94392 signal=Hangup
2026-08-25T13:20:32.168001Z  INFO herdr::logging: pane child exited event="pane.exit" subsystem="pane" outcome="completed" pane_id=5 status="ExitStatus { code: 0, signal: None }"
2026-08-25T13:20:32.168186Z  INFO herdr::pane: pane session terminated pane=5 pid=88390 signal=Hangup
2026-08-25T13:20:36.275128Z  INFO herdr::logging: pane child exited event="pane.exit" subsystem="pane" outcome="completed" pane_id=9 status="ExitStatus { code: 127, signal: None }"
2026-08-25T13:20:36.275224Z  INFO herdr::pane: pane session terminated pane=9 pid=95733 signal=Hangup
2026-08-25T13:20:36.275306Z  INFO herdr::logging: spawning pane terminal event="pane.spawn.start" subsystem="pane" outcome="started" pane_id=10 rows=58 cols=170 scrollback_limit_bytes=10000000
2026-08-25T13:20:36.277785Z  INFO herdr::logging: pane child spawned event="pane.spawned" subsystem="pane" outcome="ok" pane_id=10 pid=53636
2026-08-25T13:20:36.278054Z  INFO herdr::logging: workspace created event="workspace.create" subsystem="workspace" outcome="ok" workspace_id="w6" pane_id=10
2026-08-25T13:20:36.278062Z  INFO herdr::logging: workspace focused event="workspace.focus" subsystem="workspace" outcome="ok" workspace_id="w6"
2026-08-25T13:20:36.278073Z  INFO herdr::logging: tab focused event="tab.focus" subsystem="tab" outcome="ok" workspace_id="w6" tab_id="w6:t1"
2026-08-25T13:20:41.294332Z  INFO herdr::logging: session saved event="persist.save" subsystem="persist" outcome="ok" path=/Users/hl1sqi/.config/herdr/session.json workspaces=1
2026-08-25T13:20:57.227237Z  INFO herdr::server::headless: client detach requested via keybind client_id=4
2026-08-25T13:20:57.231318Z  INFO herdr::server::headless: client disconnected client_id=4
2026-08-25T13:21:29.740796Z  INFO herdr::server::headless: client connected client_id=6 cols=132 rows=32 cell_width_px=0 cell_height_px=0 render_encoding=SemanticFrame
2026-08-25T13:22:12.355499Z  INFO herdr::server::headless: client detach requested via keybind client_id=6
2026-08-25T13:22:12.359219Z  INFO herdr::server::headless: client disconnected client_id=6
2026-08-25T13:26:22.548787Z  INFO herdr::server::headless: client connected client_id=8 cols=196 rows=59 cell_width_px=0 cell_height_px=0 render_encoding=SemanticFrame
2026-08-25T13:27:44.170484Z  INFO herdr::server::headless: client connected client_id=10 cols=214 rows=46 cell_width_px=0 cell_height_px=0 render_encoding=SemanticFrame
2026-08-25T13:27:52.776572Z  WARN herdr::raw_input: flushing lone escape after input timeout; if this follows an alt chord or focus switch it may reach the pane as plain esc bytes=[27]
2026-08-25T13:28:05.168952Z  INFO herdr::logging: pane child exited event="pane.exit" subsystem="pane" outcome="completed" pane_id=10 status="ExitStatus { code: 0, signal: None }"
2026-08-25T13:28:05.169805Z  INFO herdr::pane: pane session terminated pane=10 pid=53636 signal=Hangup
2026-08-25T13:28:05.170024Z  INFO herdr::logging: spawning pane terminal event="pane.spawn.start" subsystem="pane" outcome="started" pane_id=11 rows=45 cols=188 scrollback_limit_bytes=10000000
2026-08-25T13:28:05.174302Z  INFO herdr::logging: pane child spawned event="pane.spawned" subsystem="pane" outcome="ok" pane_id=11 pid=63128
2026-08-25T13:28:05.174568Z  INFO herdr::logging: workspace created event="workspace.create" subsystem="workspace" outcome="ok" workspace_id="w7" pane_id=11
2026-08-25T13:28:05.174578Z  INFO herdr::logging: workspace focused event="workspace.focus" subsystem="workspace" outcome="ok" workspace_id="w7"
2026-08-25T13:28:05.174599Z  INFO herdr::logging: tab focused event="tab.focus" subsystem="tab" outcome="ok" workspace_id="w7" tab_id="w7:t1"
2026-08-25T13:28:10.183254Z  INFO herdr::logging: session saved event="persist.save" subsystem="persist" outcome="ok" path=/Users/hl1sqi/.config/herdr/session.json workspaces=1
2026-08-25T13:29:04.388157Z  INFO herdr::logging: pane child exited event="pane.exit" subsystem="pane" outcome="completed" pane_id=11 status="ExitStatus { code: 0, signal: None }"
2026-08-25T13:29:04.388410Z  INFO herdr::pane: pane session terminated pane=11 pid=63128 signal=Hangup
2026-08-25T13:29:04.388614Z  INFO herdr::logging: spawning pane terminal event="pane.spawn.start" subsystem="pane" outcome="started" pane_id=12 rows=45 cols=188 scrollback_limit_bytes=10000000
2026-08-25T13:29:04.393071Z  INFO herdr::logging: pane child spawned event="pane.spawned" subsystem="pane" outcome="ok" pane_id=12 pid=63701
2026-08-25T13:29:04.393372Z  INFO herdr::logging: workspace created event="workspace.create" subsystem="workspace" outcome="ok" workspace_id="w8" pane_id=12
2026-08-25T13:29:04.393386Z  INFO herdr::logging: workspace focused event="workspace.focus" subsystem="workspace" outcome="ok" workspace_id="w8"
2026-08-25T13:29:04.393412Z  INFO herdr::logging: tab focused event="tab.focus" subsystem="tab" outcome="ok" workspace_id="w8" tab_id="w8:t1"
2026-08-25T13:29:09.401310Z  INFO herdr::logging: session saved event="persist.save" subsystem="persist" outcome="ok" path=/Users/hl1sqi/.config/herdr/session.json workspaces=1
2026-08-25T13:29:30.901379Z  INFO herdr::server::headless: client detach requested via keybind client_id=8
2026-08-25T13:29:30.904098Z  INFO herdr::server::headless: client disconnected client_id=8
2026-08-25T13:30:21.506615Z  INFO herdr::platform::macos: raised server file descriptor soft limit previous=2560 target=8192
2026-08-25T13:30:21.507339Z  INFO herdr::api::server: api server listening path=/Users/hl1sqi/.config/herdr/herdr.sock
2026-08-25T13:30:21.507942Z  INFO herdr::logging: spawning pane terminal event="pane.spawn.start" subsystem="pane" outcome="started" pane_id=1 rows=24 cols=80 scrollback_limit_bytes=10000000
2026-08-25T13:30:21.510509Z  INFO herdr::logging: pane child spawned event="pane.spawned" subsystem="pane" outcome="ok" pane_id=1 pid=64794
2026-08-25T13:30:21.510657Z  INFO herdr::logging: session restore evaluated event="persist.restore" subsystem="persist" outcome="ok" workspaces=1
2026-08-25T13:30:21.510677Z  INFO herdr::app: using pane scrollback configuration pane_scrollback_limit_bytes=10000000
2026-08-25T13:30:21.540084Z  INFO herdr::logging: checking for updates event="update.check.start" subsystem="update" outcome="started"
2026-08-25T13:30:21.544815Z  INFO herdr::server::headless: restored session already has workspaces; ignoring startup cwd cwd=/Users/hl1sqi
2026-08-25T13:30:21.544989Z  INFO herdr::server::headless: client protocol socket listening path=/Users/hl1sqi/.config/herdr/herdr-client.sock
2026-08-25T13:30:21.545009Z  INFO herdr::server::headless: herdr server started api_socket=/Users/hl1sqi/.config/herdr/herdr.sock client_socket=/Users/hl1sqi/.config/herdr/herdr-client.sock
2026-08-25T13:30:21.545214Z  INFO herdr::logging: herdr starting event="app.startup" subsystem="server" outcome="started" pid=64793
2026-08-25T13:30:21.797815Z  INFO herdr::server::headless: client connected client_id=2 cols=196 rows=59 cell_width_px=0 cell_height_px=0 render_encoding=SemanticFrame
2026-08-25T13:32:06.917227Z  INFO herdr::server::headless: client detach requested via keybind client_id=2
2026-08-25T13:32:06.921253Z  INFO herdr::server::headless: client disconnected client_id=2
2026-08-25T13:41:37.516940Z  INFO herdr::server::headless: client connected client_id=4 cols=196 rows=59 cell_width_px=0 cell_height_px=0 render_encoding=SemanticFrame
2026-08-25T14:00:21.550392Z  INFO herdr::logging: checking for updates event="update.check.start" subsystem="update" outcome="started"
2026-08-25T14:19:15.047041Z  INFO herdr::server::headless: client resize client_id=4 cols=196 rows=61 cell_width_px=0 cell_height_px=0
2026-08-25T14:22:03.720526Z  INFO herdr::server::headless: client detach requested via keybind client_id=4
2026-08-25T14:22:03.724508Z  INFO herdr::server::headless: client disconnected client_id=4
2026-08-25T14:22:08.278975Z  INFO herdr::server::headless: client connected client_id=6 cols=196 rows=61 cell_width_px=0 cell_height_px=0 render_encoding=SemanticFrame
2026-08-25T14:22:20.802155Z  INFO herdr::server::headless: client detach requested via keybind client_id=6
2026-08-25T14:22:20.804717Z  INFO herdr::server::headless: client disconnected client_id=6
2026-08-25T14:23:02.535409Z  INFO herdr::logging: api request received event="api.request.start" subsystem="api" outcome="started" request_id="cli:server:reload-config" method="server.reload_config" changes_ui=true
2026-08-25T14:23:02.537959Z  INFO herdr::logging: api request completed event="api.request.complete" subsystem="api" outcome="ok" request_id="cli:server:reload-config" method="server.reload_config"
2026-08-25T14:23:09.067097Z  INFO herdr::server::headless: client connected client_id=8 cols=196 rows=61 cell_width_px=0 cell_height_px=0 render_encoding=SemanticFrame
2026-08-25T14:23:12.576942Z  INFO herdr::logging: spawning pane terminal event="pane.spawn.start" subsystem="pane" outcome="started" pane_id=2 rows=60 cols=170 scrollback_limit_bytes=10000000
2026-08-25T14:23:12.583934Z  INFO herdr::logging: pane child spawned event="pane.spawned" subsystem="pane" outcome="ok" pane_id=2 pid=85336
2026-08-25T14:23:12.584354Z  INFO herdr::logging: tab focused event="tab.focus" subsystem="tab" outcome="ok" workspace_id="w8" tab_id="w8:t1"
2026-08-25T14:23:14.212840Z  INFO herdr::logging: spawning pane terminal event="pane.spawn.start" subsystem="pane" outcome="started" pane_id=3 rows=60 cols=85 scrollback_limit_bytes=10000000
2026-08-25T14:23:14.219751Z  INFO herdr::logging: pane child spawned event="pane.spawned" subsystem="pane" outcome="ok" pane_id=3 pid=85619
2026-08-25T14:23:14.220241Z  INFO herdr::logging: tab focused event="tab.focus" subsystem="tab" outcome="ok" workspace_id="w8" tab_id="w8:t1"
2026-08-25T14:23:15.065926Z  INFO herdr::logging: tab focused event="tab.focus" subsystem="tab" outcome="ok" workspace_id="w8" tab_id="w8:t1"
2026-08-25T14:23:15.697186Z  INFO herdr::logging: tab focused event="tab.focus" subsystem="tab" outcome="ok" workspace_id="w8" tab_id="w8:t1"
2026-08-25T14:23:16.596038Z  INFO herdr::logging: tab focused event="tab.focus" subsystem="tab" outcome="ok" workspace_id="w8" tab_id="w8:t1"
2026-08-25T14:23:17.047631Z  INFO herdr::logging: tab focused event="tab.focus" subsystem="tab" outcome="ok" workspace_id="w8" tab_id="w8:t1"
2026-08-25T14:23:22.052145Z  INFO herdr::logging: session saved event="persist.save" subsystem="persist" outcome="ok" path=/Users/hl1sqi/.config/herdr/session.json workspaces=1
2026-08-25T14:23:26.159981Z  INFO herdr::logging: spawning pane terminal event="pane.spawn.start" subsystem="pane" outcome="started" pane_id=4 rows=60 cols=85 scrollback_limit_bytes=10000000
2026-08-25T14:23:26.165181Z  INFO herdr::logging: pane child spawned event="pane.spawned" subsystem="pane" outcome="ok" pane_id=4 pid=85947
2026-08-25T14:23:26.165570Z  INFO herdr::logging: tab focused event="tab.focus" subsystem="tab" outcome="ok" workspace_id="w8" tab_id="w8:t2"
2026-08-25T14:23:29.493118Z  INFO herdr::logging: tab focused event="tab.focus" subsystem="tab" outcome="ok" workspace_id="w8" tab_id="w8:t1"
2026-08-25T14:23:34.496696Z  INFO herdr::logging: session saved event="persist.save" subsystem="persist" outcome="ok" path=/Users/hl1sqi/.config/herdr/session.json workspaces=1
2026-08-25T14:23:39.777356Z  INFO herdr::logging: tab focused event="tab.focus" subsystem="tab" outcome="ok" workspace_id="w8" tab_id="w8:t1"
2026-08-25T14:23:40.201909Z  INFO herdr::logging: tab focused event="tab.focus" subsystem="tab" outcome="ok" workspace_id="w8" tab_id="w8:t1"
2026-08-25T14:23:40.650737Z  INFO herdr::logging: tab focused event="tab.focus" subsystem="tab" outcome="ok" workspace_id="w8" tab_id="w8:t1"
2026-08-25T14:23:42.518017Z  INFO herdr::logging: tab focused event="tab.focus" subsystem="tab" outcome="ok" workspace_id="w8" tab_id="w8:t2"
2026-08-25T14:23:43.625176Z  INFO herdr::logging: tab focused event="tab.focus" subsystem="tab" outcome="ok" workspace_id="w8" tab_id="w8:t1"
2026-08-25T14:23:48.628112Z  INFO herdr::logging: session saved event="persist.save" subsystem="persist" outcome="ok" path=/Users/hl1sqi/.config/herdr/session.json workspaces=1
2026-08-25T14:24:05.064715Z  INFO herdr::logging: tab focused event="tab.focus" subsystem="tab" outcome="ok" workspace_id="w8" tab_id="w8:t2"
2026-08-25T14:24:10.069093Z  INFO herdr::logging: session saved event="persist.save" subsystem="persist" outcome="ok" path=/Users/hl1sqi/.config/herdr/session.json workspaces=1
2026-08-25T14:24:16.717819Z  INFO herdr::logging: spawning pane terminal event="pane.spawn.start" subsystem="pane" outcome="started" pane_id=5 rows=60 cols=170 scrollback_limit_bytes=10000000
2026-08-25T14:24:16.724589Z  INFO herdr::logging: pane child spawned event="pane.spawned" subsystem="pane" outcome="ok" pane_id=5 pid=86345
2026-08-25T14:24:16.725155Z  INFO herdr::logging: workspace created event="workspace.create" subsystem="workspace" outcome="ok" workspace_id="w9" pane_id=5
2026-08-25T14:24:16.725213Z  INFO herdr::logging: workspace focused event="workspace.focus" subsystem="workspace" outcome="ok" workspace_id="w9"
2026-08-25T14:24:16.725275Z  INFO herdr::logging: tab focused event="tab.focus" subsystem="tab" outcome="ok" workspace_id="w9" tab_id="w9:t1"
2026-08-25T14:24:21.729445Z  INFO herdr::logging: session saved event="persist.save" subsystem="persist" outcome="ok" path=/Users/hl1sqi/.config/herdr/session.json workspaces=2
2026-08-25T14:25:10.766487Z  INFO herdr::logging: workspace focused event="workspace.focus" subsystem="workspace" outcome="ok" workspace_id="w9"
2026-08-25T14:25:10.767467Z  INFO herdr::logging: tab focused event="tab.focus" subsystem="tab" outcome="ok" workspace_id="w9" tab_id="w9:t1"
2026-08-25T14:25:15.771302Z  INFO herdr::logging: session saved event="persist.save" subsystem="persist" outcome="ok" path=/Users/hl1sqi/.config/herdr/session.json workspaces=2
2026-08-25T14:25:18.598219Z  INFO herdr::logging: workspace focused event="workspace.focus" subsystem="workspace" outcome="ok" workspace_id="w8"
2026-08-25T14:25:18.598343Z  INFO herdr::logging: tab focused event="tab.focus" subsystem="tab" outcome="ok" workspace_id="w8" tab_id="w8:t2"
2026-08-25T14:25:23.601455Z  INFO herdr::logging: session saved event="persist.save" subsystem="persist" outcome="ok" path=/Users/hl1sqi/.config/herdr/session.json workspaces=2
2026-08-25T14:25:26.584458Z  INFO herdr::logging: tab focused event="tab.focus" subsystem="tab" outcome="ok" workspace_id="w8" tab_id="w8:t1"
2026-08-25T14:25:29.122452Z  INFO herdr::logging: tab focused event="tab.focus" subsystem="tab" outcome="ok" workspace_id="w8" tab_id="w8:t1"
2026-08-25T14:25:34.126448Z  INFO herdr::logging: session saved event="persist.save" subsystem="persist" outcome="ok" path=/Users/hl1sqi/.config/herdr/session.json workspaces=2
2026-08-25T14:26:21.187948Z  INFO herdr::logging: tab focused event="tab.focus" subsystem="tab" outcome="ok" workspace_id="w8" tab_id="w8:t1"
2026-08-25T14:26:26.192766Z  INFO herdr::logging: session saved event="persist.save" subsystem="persist" outcome="ok" path=/Users/hl1sqi/.config/herdr/session.json workspaces=2
2026-08-25T14:26:41.595520Z  INFO herdr::logging: workspace focused event="workspace.focus" subsystem="workspace" outcome="ok" workspace_id="w9"
2026-08-25T14:26:41.595602Z  INFO herdr::logging: tab focused event="tab.focus" subsystem="tab" outcome="ok" workspace_id="w9" tab_id="w9:t1"
2026-08-25T14:26:46.598896Z  INFO herdr::logging: session saved event="persist.save" subsystem="persist" outcome="ok" path=/Users/hl1sqi/.config/herdr/session.json workspaces=2
2026-08-25T14:29:31.880748Z  INFO herdr::logging: workspace focused event="workspace.focus" subsystem="workspace" outcome="ok" workspace_id="w8"
2026-08-25T14:29:31.881822Z  INFO herdr::logging: tab focused event="tab.focus" subsystem="tab" outcome="ok" workspace_id="w8" tab_id="w8:t1"
2026-08-25T14:29:36.886064Z  INFO herdr::logging: session saved event="persist.save" subsystem="persist" outcome="ok" path=/Users/hl1sqi/.config/herdr/session.json workspaces=2
2026-08-25T14:29:50.699460Z  INFO herdr::pane: agent changed pane=1 previous_agent=None agent=Some(Claude) process=claude pgid=Some(89070)
2026-08-25T14:29:54.898280Z  INFO herdr::logging: tab focused event="tab.focus" subsystem="tab" outcome="ok" workspace_id="w8" tab_id="w8:t1"
2026-08-25T14:29:56.109368Z  INFO herdr::logging: tab focused event="tab.focus" subsystem="tab" outcome="ok" workspace_id="w8" tab_id="w8:t1"
2026-08-25T14:29:56.632195Z  INFO herdr::logging: tab focused event="tab.focus" subsystem="tab" outcome="ok" workspace_id="w8" tab_id="w8:t1"
2026-08-25T14:29:57.008341Z  INFO herdr::logging: tab focused event="tab.focus" subsystem="tab" outcome="ok" workspace_id="w8" tab_id="w8:t1"
2026-08-25T14:30:02.012536Z  INFO herdr::logging: session saved event="persist.save" subsystem="persist" outcome="ok" path=/Users/hl1sqi/.config/herdr/session.json workspaces=2
2026-08-25T14:30:18.232623Z  INFO herdr::logging: tab focused event="tab.focus" subsystem="tab" outcome="ok" workspace_id="w8" tab_id="w8:t1"
2026-08-25T14:30:21.566458Z  INFO herdr::logging: checking for updates event="update.check.start" subsystem="update" outcome="started"
2026-08-25T14:30:23.237913Z  INFO herdr::logging: session saved event="persist.save" subsystem="persist" outcome="ok" path=/Users/hl1sqi/.config/herdr/session.json workspaces=2
2026-08-25T14:30:26.910617Z  INFO herdr::logging: tab focused event="tab.focus" subsystem="tab" outcome="ok" workspace_id="w8" tab_id="w8:t1"
2026-08-25T14:30:27.992061Z  INFO herdr::logging: pane child exited event="pane.exit" subsystem="pane" outcome="completed" pane_id=3 status="ExitStatus { code: 0, signal: None }"
2026-08-25T14:30:27.992146Z  INFO herdr::pane: pane session terminated pane=3 pid=85619 signal=Hangup
2026-08-25T14:30:32.995114Z  INFO herdr::logging: session saved event="persist.save" subsystem="persist" outcome="ok" path=/Users/hl1sqi/.config/herdr/session.json workspaces=2
2026-08-25T14:30:44.191663Z  INFO herdr::logging: tab focused event="tab.focus" subsystem="tab" outcome="ok" workspace_id="w8" tab_id="w8:t1"
2026-08-25T14:30:46.643961Z  INFO herdr::logging: tab focused event="tab.focus" subsystem="tab" outcome="ok" workspace_id="w8" tab_id="w8:t1"
2026-08-25T14:30:51.076587Z  INFO herdr::logging: tab focused event="tab.focus" subsystem="tab" outcome="ok" workspace_id="w8" tab_id="w8:t1"
2026-08-25T14:30:56.081920Z  INFO herdr::logging: session saved event="persist.save" subsystem="persist" outcome="ok" path=/Users/hl1sqi/.config/herdr/session.json workspaces=2
2026-08-25T14:31:10.246838Z  INFO herdr::logging: tab focused event="tab.focus" subsystem="tab" outcome="ok" workspace_id="w8" tab_id="w8:t1"
2026-08-25T14:31:15.251018Z  INFO herdr::logging: session saved event="persist.save" subsystem="persist" outcome="ok" path=/Users/hl1sqi/.config/herdr/session.json workspaces=2
2026-08-25T14:31:15.920789Z  INFO herdr::logging: tab focused event="tab.focus" subsystem="tab" outcome="ok" workspace_id="w8" tab_id="w8:t1"
2026-08-25T14:31:20.925768Z  INFO herdr::logging: session saved event="persist.save" subsystem="persist" outcome="ok" path=/Users/hl1sqi/.config/herdr/session.json workspaces=2
2026-08-25T14:31:48.023915Z  INFO herdr::logging: workspace focused event="workspace.focus" subsystem="workspace" outcome="ok" workspace_id="w9"
2026-08-25T14:31:48.025030Z  INFO herdr::logging: tab focused event="tab.focus" subsystem="tab" outcome="ok" workspace_id="w9" tab_id="w9:t1"
2026-08-25T14:31:53.029196Z  INFO herdr::logging: session saved event="persist.save" subsystem="persist" outcome="ok" path=/Users/hl1sqi/.config/herdr/session.json workspaces=2
2026-08-25T14:31:56.692377Z  INFO herdr::logging: spawning pane terminal event="pane.spawn.start" subsystem="pane" outcome="started" pane_id=6 rows=60 cols=170 scrollback_limit_bytes=10000000
2026-08-25T14:31:56.698650Z  INFO herdr::logging: pane child spawned event="pane.spawned" subsystem="pane" outcome="ok" pane_id=6 pid=91391
2026-08-25T14:31:56.699061Z  INFO herdr::logging: tab focused event="tab.focus" subsystem="tab" outcome="ok" workspace_id="w9" tab_id="w9:t1"
2026-08-25T14:31:57.405767Z  INFO herdr::logging: tab focused event="tab.focus" subsystem="tab" outcome="ok" workspace_id="w9" tab_id="w9:t1"
2026-08-25T14:32:00.130586Z  INFO herdr::pane: agent changed pane=5 previous_agent=None agent=Some(OpenCode) process=opencode pgid=Some(91674)
2026-08-25T14:32:02.409472Z  INFO herdr::logging: session saved event="persist.save" subsystem="persist" outcome="ok" path=/Users/hl1sqi/.config/herdr/session.json workspaces=2
2026-08-25T14:32:04.725310Z  INFO herdr::logging: tab focused event="tab.focus" subsystem="tab" outcome="ok" workspace_id="w9" tab_id="w9:t1"
2026-08-25T14:32:09.729537Z  INFO herdr::logging: session saved event="persist.save" subsystem="persist" outcome="ok" path=/Users/hl1sqi/.config/herdr/session.json workspaces=2
2026-08-25T14:32:10.276642Z  INFO herdr::logging: tab focused event="tab.focus" subsystem="tab" outcome="ok" workspace_id="w9" tab_id="w9:t1"
2026-08-25T14:32:10.926708Z  INFO herdr::logging: tab focused event="tab.focus" subsystem="tab" outcome="ok" workspace_id="w9" tab_id="w9:t1"
2026-08-25T14:32:11.242455Z  INFO herdr::logging: tab focused event="tab.focus" subsystem="tab" outcome="ok" workspace_id="w9" tab_id="w9:t1"
2026-08-25T14:32:12.684705Z  INFO herdr::logging: tab focused event="tab.focus" subsystem="tab" outcome="ok" workspace_id="w9" tab_id="w9:t1"
2026-08-25T14:32:13.159608Z  INFO herdr::logging: tab focused event="tab.focus" subsystem="tab" outcome="ok" workspace_id="w9" tab_id="w9:t1"
2026-08-25T14:32:15.811290Z  INFO herdr::logging: tab focused event="tab.focus" subsystem="tab" outcome="ok" workspace_id="w9" tab_id="w9:t1"
2026-08-25T14:32:16.309762Z  INFO herdr::logging: tab focused event="tab.focus" subsystem="tab" outcome="ok" workspace_id="w9" tab_id="w9:t1"
2026-08-25T14:32:21.312864Z  INFO herdr::logging: session saved event="persist.save" subsystem="persist" outcome="ok" path=/Users/hl1sqi/.config/herdr/session.json workspaces=2
2026-08-25T14:32:22.656809Z  INFO herdr::logging: workspace focused event="workspace.focus" subsystem="workspace" outcome="ok" workspace_id="w8"
2026-08-25T14:32:22.657629Z  INFO herdr::logging: tab focused event="tab.focus" subsystem="tab" outcome="ok" workspace_id="w8" tab_id="w8:t1"
2026-08-25T14:32:24.160277Z  INFO herdr::logging: tab focused event="tab.focus" subsystem="tab" outcome="ok" workspace_id="w8" tab_id="w8:t1"
2026-08-25T14:32:24.766819Z  INFO herdr::logging: tab focused event="tab.focus" subsystem="tab" outcome="ok" workspace_id="w8" tab_id="w8:t1"
2026-08-25T14:32:29.770516Z  INFO herdr::logging: session saved event="persist.save" subsystem="persist" outcome="ok" path=/Users/hl1sqi/.config/herdr/session.json workspaces=2
2026-08-25T14:34:54.730736Z  INFO herdr::pane: agent changed pane=1 previous_agent=Some(Claude) agent=None pgid=Some(64794)
2026-08-25T14:34:57.543770Z  INFO herdr::logging: tab focused event="tab.focus" subsystem="tab" outcome="ok" workspace_id="w8" tab_id="w8:t1"
2026-08-25T14:34:59.477356Z  INFO herdr::logging: tab focused event="tab.focus" subsystem="tab" outcome="ok" workspace_id="w8" tab_id="w8:t1"
2026-08-25T14:35:04.481131Z  INFO herdr::logging: session saved event="persist.save" subsystem="persist" outcome="ok" path=/Users/hl1sqi/.config/herdr/session.json workspaces=2
2026-08-25T14:35:10.806838Z  INFO herdr::pane: agent changed pane=1 previous_agent=None agent=Some(Claude) process=claude pgid=Some(92415)
2026-08-25T14:36:18.349542Z  INFO herdr::logging: workspace focused event="workspace.focus" subsystem="workspace" outcome="ok" workspace_id="w9"
2026-08-25T14:36:18.349661Z  INFO herdr::logging: tab focused event="tab.focus" subsystem="tab" outcome="ok" workspace_id="w9" tab_id="w9:t1"
2026-08-25T14:36:23.353544Z  INFO herdr::logging: session saved event="persist.save" subsystem="persist" outcome="ok" path=/Users/hl1sqi/.config/herdr/session.json workspaces=2
2026-08-25T14:36:31.710658Z  INFO herdr::pane: agent changed pane=5 previous_agent=Some(OpenCode) agent=None pgid=Some(86345)
2026-08-25T14:36:38.740601Z  INFO herdr::pane: agent changed pane=5 previous_agent=None agent=Some(OpenCode) process=opencode pgid=Some(93420)
2026-08-25T14:36:47.826528Z  INFO herdr::logging: workspace focused event="workspace.focus" subsystem="workspace" outcome="ok" workspace_id="w8"
2026-08-25T14:36:47.826652Z  INFO herdr::logging: tab focused event="tab.focus" subsystem="tab" outcome="ok" workspace_id="w8" tab_id="w8:t1"
2026-08-25T14:36:52.830599Z  INFO herdr::logging: session saved event="persist.save" subsystem="persist" outcome="ok" path=/Users/hl1sqi/.config/herdr/session.json workspaces=2
2026-08-25T14:36:56.595768Z  INFO herdr::logging: workspace focused event="workspace.focus" subsystem="workspace" outcome="ok" workspace_id="w9"
2026-08-25T14:36:56.595832Z  INFO herdr::logging: tab focused event="tab.focus" subsystem="tab" outcome="ok" workspace_id="w9" tab_id="w9:t1"
2026-08-25T14:37:01.598325Z  INFO herdr::logging: session saved event="persist.save" subsystem="persist" outcome="ok" path=/Users/hl1sqi/.config/herdr/session.json workspaces=2
2026-08-25T14:37:53.412344Z  INFO herdr::logging: workspace focused event="workspace.focus" subsystem="workspace" outcome="ok" workspace_id="w8"
2026-08-25T14:37:53.412410Z  INFO herdr::logging: tab focused event="tab.focus" subsystem="tab" outcome="ok" workspace_id="w8" tab_id="w8:t1"
2026-08-25T14:37:58.414431Z  INFO herdr::logging: session saved event="persist.save" subsystem="persist" outcome="ok" path=/Users/hl1sqi/.config/herdr/session.json workspaces=2
2026-08-25T14:38:27.293953Z  INFO herdr::logging: tab focused event="tab.focus" subsystem="tab" outcome="ok" workspace_id="w8" tab_id="w8:t2"
2026-08-25T14:38:32.295394Z  INFO herdr::logging: session saved event="persist.save" subsystem="persist" outcome="ok" path=/Users/hl1sqi/.config/herdr/session.json workspaces=2
2026-08-25T14:38:44.917255Z  INFO herdr::logging: tab focused event="tab.focus" subsystem="tab" outcome="ok" workspace_id="w8" tab_id="w8:t1"
2026-08-25T14:38:49.921851Z  INFO herdr::logging: session saved event="persist.save" subsystem="persist" outcome="ok" path=/Users/hl1sqi/.config/herdr/session.json workspaces=2
2026-08-25T14:42:28.693647Z  INFO herdr::logging: workspace focused event="workspace.focus" subsystem="workspace" outcome="ok" workspace_id="w9"
2026-08-25T14:42:28.693765Z  INFO herdr::logging: tab focused event="tab.focus" subsystem="tab" outcome="ok" workspace_id="w9" tab_id="w9:t1"
2026-08-25T14:42:33.697453Z  INFO herdr::logging: session saved event="persist.save" subsystem="persist" outcome="ok" path=/Users/hl1sqi/.config/herdr/session.json workspaces=2
2026-08-25T14:43:37.452941Z  INFO herdr::pane: agent changed pane=5 previous_agent=Some(OpenCode) agent=None pgid=Some(86345)
2026-08-25T14:44:18.648907Z  INFO herdr::logging: tab focused event="tab.focus" subsystem="tab" outcome="ok" workspace_id="w9" tab_id="w9:t1"
2026-08-25T14:44:19.053997Z  INFO herdr::logging: tab focused event="tab.focus" subsystem="tab" outcome="ok" workspace_id="w9" tab_id="w9:t1"
2026-08-25T14:44:19.436472Z  INFO herdr::logging: tab focused event="tab.focus" subsystem="tab" outcome="ok" workspace_id="w9" tab_id="w9:t1"
2026-08-25T14:44:20.228767Z  INFO herdr::logging: tab focused event="tab.focus" subsystem="tab" outcome="ok" workspace_id="w9" tab_id="w9:t1"
2026-08-25T14:44:20.651764Z  INFO herdr::logging: tab focused event="tab.focus" subsystem="tab" outcome="ok" workspace_id="w9" tab_id="w9:t1"
2026-08-25T14:44:25.656218Z  INFO herdr::logging: session saved event="persist.save" subsystem="persist" outcome="ok" path=/Users/hl1sqi/.config/herdr/session.json workspaces=2
2026-08-25T14:44:28.323747Z  INFO herdr::logging: tab focused event="tab.focus" subsystem="tab" outcome="ok" workspace_id="w9" tab_id="w9:t1"
2026-08-25T14:44:33.327787Z  INFO herdr::logging: session saved event="persist.save" subsystem="persist" outcome="ok" path=/Users/hl1sqi/.config/herdr/session.json workspaces=2
2026-08-25T14:45:10.872162Z  INFO herdr::logging: tab focused event="tab.focus" subsystem="tab" outcome="ok" workspace_id="w9" tab_id="w9:t1"
2026-08-25T14:45:12.380138Z  INFO herdr::logging: tab focused event="tab.focus" subsystem="tab" outcome="ok" workspace_id="w9" tab_id="w9:t1"
2026-08-25T14:45:17.382738Z  INFO herdr::logging: session saved event="persist.save" subsystem="persist" outcome="ok" path=/Users/hl1sqi/.config/herdr/session.json workspaces=2
2026-08-25T14:45:26.307288Z  INFO herdr::logging: tab focused event="tab.focus" subsystem="tab" outcome="ok" workspace_id="w9" tab_id="w9:t1"
2026-08-25T14:45:31.311702Z  INFO herdr::logging: session saved event="persist.save" subsystem="persist" outcome="ok" path=/Users/hl1sqi/.config/herdr/session.json workspaces=2
2026-08-25T14:45:31.617272Z  INFO herdr::logging: tab focused event="tab.focus" subsystem="tab" outcome="ok" workspace_id="w9" tab_id="w9:t1"
2026-08-25T14:45:36.621195Z  INFO herdr::logging: session saved event="persist.save" subsystem="persist" outcome="ok" path=/Users/hl1sqi/.config/herdr/session.json workspaces=2
2026-08-25T14:45:37.219883Z  INFO herdr::logging: tab focused event="tab.focus" subsystem="tab" outcome="ok" workspace_id="w9" tab_id="w9:t1"
2026-08-25T14:45:38.433670Z  INFO herdr::logging: tab focused event="tab.focus" subsystem="tab" outcome="ok" workspace_id="w9" tab_id="w9:t1"
2026-08-25T14:45:43.436269Z  INFO herdr::logging: session saved event="persist.save" subsystem="persist" outcome="ok" path=/Users/hl1sqi/.config/herdr/session.json workspaces=2
2026-08-25T14:45:49.819437Z  INFO herdr::logging: workspace focused event="workspace.focus" subsystem="workspace" outcome="ok" workspace_id="w8"
2026-08-25T14:45:49.819567Z  INFO herdr::logging: tab focused event="tab.focus" subsystem="tab" outcome="ok" workspace_id="w8" tab_id="w8:t1"
2026-08-25T14:45:54.822598Z  INFO herdr::logging: session saved event="persist.save" subsystem="persist" outcome="ok" path=/Users/hl1sqi/.config/herdr/session.json workspaces=2
2026-08-25T14:45:58.692299Z  INFO herdr::pane: agent changed pane=1 previous_agent=Some(Claude) agent=None pgid=Some(64794)
2026-08-25T14:46:34.438214Z  INFO herdr::logging: spawning pane terminal event="pane.spawn.start" subsystem="pane" outcome="started" pane_id=7 rows=60 cols=85 scrollback_limit_bytes=10000000
2026-08-25T14:46:34.445409Z  INFO herdr::logging: pane child spawned event="pane.spawned" subsystem="pane" outcome="ok" pane_id=7 pid=97334
2026-08-25T14:46:34.445993Z  INFO herdr::logging: workspace created event="workspace.create" subsystem="workspace" outcome="ok" workspace_id="wA" pane_id=7
2026-08-25T14:46:34.446044Z  INFO herdr::logging: workspace focused event="workspace.focus" subsystem="workspace" outcome="ok" workspace_id="wA"
2026-08-25T14:46:34.446089Z  INFO herdr::logging: tab focused event="tab.focus" subsystem="tab" outcome="ok" workspace_id="wA" tab_id="wA:t1"
2026-08-25T14:46:39.170664Z  INFO herdr::logging: spawning pane terminal event="pane.spawn.start" subsystem="pane" outcome="started" pane_id=8 rows=60 cols=170 scrollback_limit_bytes=10000000
2026-08-25T14:46:39.177345Z  INFO herdr::logging: pane child spawned event="pane.spawned" subsystem="pane" outcome="ok" pane_id=8 pid=97664
2026-08-25T14:46:39.177824Z  INFO herdr::logging: workspace created event="workspace.create" subsystem="workspace" outcome="ok" workspace_id="wB" pane_id=8
2026-08-25T14:46:39.177862Z  INFO herdr::logging: workspace focused event="workspace.focus" subsystem="workspace" outcome="ok" workspace_id="wB"
2026-08-25T14:46:39.177910Z  INFO herdr::logging: tab focused event="tab.focus" subsystem="tab" outcome="ok" workspace_id="wB" tab_id="wB:t1"
2026-08-25T14:46:44.132514Z  INFO herdr::logging: pane child exited event="pane.exit" subsystem="pane" outcome="completed" pane_id=8 status="ExitStatus { code: 0, signal: None }"
2026-08-25T14:46:44.132630Z  INFO herdr::pane: pane session terminated pane=8 pid=97664 signal=Hangup
2026-08-25T14:46:45.375827Z  INFO herdr::logging: pane child exited event="pane.exit" subsystem="pane" outcome="completed" pane_id=7 status="ExitStatus { code: 0, signal: None }"
2026-08-25T14:46:45.376056Z  INFO herdr::pane: pane session terminated pane=7 pid=97334 signal=Hangup
2026-08-25T14:46:50.379423Z  INFO herdr::logging: session saved event="persist.save" subsystem="persist" outcome="ok" path=/Users/hl1sqi/.config/herdr/session.json workspaces=2
2026-08-25T14:46:53.862545Z  INFO herdr::pane: agent changed pane=5 previous_agent=None agent=Some(OpenCode) process=opencode pgid=Some(98009)
2026-08-25T14:47:07.823741Z  INFO herdr::logging: workspace focused event="workspace.focus" subsystem="workspace" outcome="ok" workspace_id="w8"
2026-08-25T14:47:07.823883Z  INFO herdr::logging: tab focused event="tab.focus" subsystem="tab" outcome="ok" workspace_id="w8" tab_id="w8:t1"
2026-08-25T14:47:12.022212Z  INFO herdr::pane: agent changed pane=1 previous_agent=None agent=Some(Claude) process=claude pgid=Some(98081)
2026-08-25T14:47:12.826829Z  INFO herdr::logging: session saved event="persist.save" subsystem="persist" outcome="ok" path=/Users/hl1sqi/.config/herdr/session.json workspaces=2
2026-08-25T14:47:16.527602Z  INFO herdr::logging: workspace focused event="workspace.focus" subsystem="workspace" outcome="ok" workspace_id="w9"
2026-08-25T14:47:16.527692Z  INFO herdr::logging: tab focused event="tab.focus" subsystem="tab" outcome="ok" workspace_id="w9" tab_id="w9:t1"
2026-08-25T14:47:17.399120Z  INFO herdr::logging: workspace focused event="workspace.focus" subsystem="workspace" outcome="ok" workspace_id="w8"
2026-08-25T14:47:17.399222Z  INFO herdr::logging: tab focused event="tab.focus" subsystem="tab" outcome="ok" workspace_id="w8" tab_id="w8:t1"
2026-08-25T14:47:17.907088Z  INFO herdr::logging: workspace focused event="workspace.focus" subsystem="workspace" outcome="ok" workspace_id="w9"
2026-08-25T14:47:17.907183Z  INFO herdr::logging: tab focused event="tab.focus" subsystem="tab" outcome="ok" workspace_id="w9" tab_id="w9:t1"
2026-08-25T14:47:18.341902Z  INFO herdr::logging: workspace focused event="workspace.focus" subsystem="workspace" outcome="ok" workspace_id="w8"
2026-08-25T14:47:18.341996Z  INFO herdr::logging: tab focused event="tab.focus" subsystem="tab" outcome="ok" workspace_id="w8" tab_id="w8:t1"
2026-08-25T14:47:23.345807Z  INFO herdr::logging: session saved event="persist.save" subsystem="persist" outcome="ok" path=/Users/hl1sqi/.config/herdr/session.json workspaces=2
2026-08-25T14:47:47.693609Z  INFO herdr::logging: workspace focused event="workspace.focus" subsystem="workspace" outcome="ok" workspace_id="w9"
2026-08-25T14:47:47.693735Z  INFO herdr::logging: tab focused event="tab.focus" subsystem="tab" outcome="ok" workspace_id="w9" tab_id="w9:t1"
2026-08-25T14:47:52.697967Z  INFO herdr::logging: session saved event="persist.save" subsystem="persist" outcome="ok" path=/Users/hl1sqi/.config/herdr/session.json workspaces=2
2026-08-25T14:47:53.275711Z  INFO herdr::logging: workspace focused event="workspace.focus" subsystem="workspace" outcome="ok" workspace_id="w8"
2026-08-25T14:47:53.275839Z  INFO herdr::logging: tab focused event="tab.focus" subsystem="tab" outcome="ok" workspace_id="w8" tab_id="w8:t1"
2026-08-25T14:47:58.278261Z  INFO herdr::logging: session saved event="persist.save" subsystem="persist" outcome="ok" path=/Users/hl1sqi/.config/herdr/session.json workspaces=2
2026-08-25T14:49:58.962086Z  INFO herdr::server::headless: client detach requested via keybind client_id=8
2026-08-25T14:49:58.964560Z  INFO herdr::server::headless: client disconnected client_id=8
2026-08-25T14:50:28.694675Z  INFO herdr::server::headless: client connected client_id=10 cols=196 rows=61 cell_width_px=0 cell_height_px=0 render_encoding=SemanticFrame
2026-08-25T14:51:27.872401Z  INFO herdr::logging: tab focused event="tab.focus" subsystem="tab" outcome="ok" workspace_id="w8" tab_id="w8:t1"
2026-08-25T14:51:32.878125Z  INFO herdr::logging: session saved event="persist.save" subsystem="persist" outcome="ok" path=/Users/hl1sqi/.config/herdr/session.json workspaces=2
2026-08-25T14:52:18.811649Z  INFO herdr::app::actions: copied selection to clipboard
2026-08-25T14:55:41.536497Z  INFO herdr::logging: tab focused event="tab.focus" subsystem="tab" outcome="ok" workspace_id="w8" tab_id="w8:t1"
2026-08-25T14:55:46.540626Z  INFO herdr::logging: session saved event="persist.save" subsystem="persist" outcome="ok" path=/Users/hl1sqi/.config/herdr/session.json workspaces=2
2026-08-25T14:56:54.100990Z  INFO herdr::logging: api request received event="api.request.start" subsystem="api" outcome="started" request_id="cli:pane:split" method="pane.split" changes_ui=true
2026-08-25T14:56:54.101108Z  INFO herdr::logging: spawning pane terminal event="pane.spawn.start" subsystem="pane" outcome="started" pane_id=9 rows=60 cols=85 scrollback_limit_bytes=10000000
2026-08-25T14:56:54.104057Z  INFO herdr::logging: pane child spawned event="pane.spawned" subsystem="pane" outcome="ok" pane_id=9 pid=591
2026-08-25T14:56:54.104937Z  INFO herdr::logging: api request completed event="api.request.complete" subsystem="api" outcome="ok" request_id="cli:pane:split" method="pane.split"
2026-08-25T14:56:59.107361Z  INFO herdr::logging: session saved event="persist.save" subsystem="persist" outcome="ok" path=/Users/hl1sqi/.config/herdr/session.json workspaces=2
2026-08-25T14:57:01.681544Z  INFO herdr::logging: api request completed event="api.request.complete" subsystem="api" outcome="error" request_id="cli:request" method="pane.send_input"
2026-08-25T14:57:29.176447Z  INFO herdr::logging: api request completed event="api.request.complete" subsystem="api" outcome="error" request_id="cli:request" method="pane.send_keys"
2026-08-25T14:58:17.419498Z  INFO herdr::logging: tab focused event="tab.focus" subsystem="tab" outcome="ok" workspace_id="w8" tab_id="w8:t1"
2026-08-25T14:58:19.047696Z  INFO herdr::logging: pane child exited event="pane.exit" subsystem="pane" outcome="completed" pane_id=9 status="ExitStatus { code: 0, signal: None }"
2026-08-25T14:58:19.047916Z  INFO herdr::pane: pane session terminated pane=9 pid=591 signal=Hangup
2026-08-25T14:58:24.051311Z  INFO herdr::logging: session saved event="persist.save" subsystem="persist" outcome="ok" path=/Users/hl1sqi/.config/herdr/session.json workspaces=2
2026-08-25T15:00:21.472630Z  INFO herdr::logging: checking for updates event="update.check.start" subsystem="update" outcome="started"
2026-08-25T15:30:21.463942Z  INFO herdr::logging: checking for updates event="update.check.start" subsystem="update" outcome="started"
2026-08-25T16:00:21.452467Z  INFO herdr::logging: checking for updates event="update.check.start" subsystem="update" outcome="started"
2026-08-25T16:30:21.639875Z  INFO herdr::logging: checking for updates event="update.check.start" subsystem="update" outcome="started"
2026-08-25T17:00:21.638301Z  INFO herdr::logging: checking for updates event="update.check.start" subsystem="update" outcome="started"
2026-08-25T17:30:21.654648Z  INFO herdr::logging: checking for updates event="update.check.start" subsystem="update" outcome="started"
2026-08-25T18:00:21.568302Z  INFO herdr::logging: checking for updates event="update.check.start" subsystem="update" outcome="started"
2026-08-25T18:30:21.577814Z  INFO herdr::logging: checking for updates event="update.check.start" subsystem="update" outcome="started"
2026-08-25T19:00:21.669395Z  INFO herdr::logging: checking for updates event="update.check.start" subsystem="update" outcome="started"
2026-08-25T19:30:21.694393Z  INFO herdr::logging: checking for updates event="update.check.start" subsystem="update" outcome="started"
2026-08-25T20:00:21.704112Z  INFO herdr::logging: checking for updates event="update.check.start" subsystem="update" outcome="started"
2026-08-25T20:30:19.682504Z  INFO herdr::logging: checking for updates event="update.check.start" subsystem="update" outcome="started"
2026-08-25T21:00:21.706197Z  INFO herdr::logging: checking for updates event="update.check.start" subsystem="update" outcome="started"
2026-08-25T21:30:21.717488Z  INFO herdr::logging: checking for updates event="update.check.start" subsystem="update" outcome="started"
2026-08-25T22:00:21.721524Z  INFO herdr::logging: checking for updates event="update.check.start" subsystem="update" outcome="started"
2026-08-25T22:30:21.752791Z  INFO herdr::logging: checking for updates event="update.check.start" subsystem="update" outcome="started"
2026-08-25T22:50:19.641609Z  INFO herdr::logging: spawning pane terminal event="pane.spawn.start" subsystem="pane" outcome="started" pane_id=10 rows=60 cols=85 scrollback_limit_bytes=10000000
2026-08-25T22:50:19.650285Z  INFO herdr::logging: pane child spawned event="pane.spawned" subsystem="pane" outcome="ok" pane_id=10 pid=94903
2026-08-25T22:50:19.651262Z  INFO herdr::logging: tab focused event="tab.focus" subsystem="tab" outcome="ok" workspace_id="w8" tab_id="w8:t3"
2026-08-25T22:50:24.660906Z  INFO herdr::logging: session saved event="persist.save" subsystem="persist" outcome="ok" path=/Users/hl1sqi/.config/herdr/session.json workspaces=2
2026-08-25T22:58:28.003845Z  INFO herdr::logging: tab focused event="tab.focus" subsystem="tab" outcome="ok" workspace_id="w8" tab_id="w8:t3"
2026-08-25T22:58:32.458379Z  INFO herdr::logging: tab focused event="tab.focus" subsystem="tab" outcome="ok" workspace_id="w8" tab_id="w8:t2"
2026-08-25T22:58:37.461131Z  INFO herdr::logging: session saved event="persist.save" subsystem="persist" outcome="ok" path=/Users/hl1sqi/.config/herdr/session.json workspaces=2
2026-08-25T22:58:40.593188Z  INFO herdr::logging: pane child exited event="pane.exit" subsystem="pane" outcome="completed" pane_id=4 status="ExitStatus { code: 1, signal: None }"
2026-08-25T22:58:40.607110Z  INFO herdr::pane: pane session terminated pane=4 pid=85947 signal=Hangup
2026-08-25T22:58:40.608103Z  WARN herdr::app::actions: PaneDied for unknown pane pane=4
2026-08-25T22:58:42.380911Z  INFO herdr::logging: tab focused event="tab.focus" subsystem="tab" outcome="ok" workspace_id="w8" tab_id="w8:t1"
2026-08-25T22:58:47.385421Z  INFO herdr::logging: session saved event="persist.save" subsystem="persist" outcome="ok" path=/Users/hl1sqi/.config/herdr/session.json workspaces=2
2026-08-25T22:59:07.268181Z  INFO herdr::logging: spawning pane terminal event="pane.spawn.start" subsystem="pane" outcome="started" pane_id=11 rows=60 cols=85 scrollback_limit_bytes=10000000
2026-08-25T22:59:07.275406Z  INFO herdr::logging: pane child spawned event="pane.spawned" subsystem="pane" outcome="ok" pane_id=11 pid=1075
2026-08-25T22:59:07.276372Z  INFO herdr::logging: workspace created event="workspace.create" subsystem="workspace" outcome="ok" workspace_id="wC" pane_id=11
2026-08-25T22:59:07.276410Z  INFO herdr::logging: workspace focused event="workspace.focus" subsystem="workspace" outcome="ok" workspace_id="wC"
2026-08-25T22:59:07.276452Z  INFO herdr::logging: tab focused event="tab.focus" subsystem="tab" outcome="ok" workspace_id="wC" tab_id="wC:t1"
2026-08-25T22:59:12.280283Z  INFO herdr::logging: session saved event="persist.save" subsystem="persist" outcome="ok" path=/Users/hl1sqi/.config/herdr/session.json workspaces=3
2026-08-25T22:59:17.299064Z  INFO herdr::server::headless: client detach requested via keybind client_id=10
2026-08-25T22:59:17.302860Z  INFO herdr::server::headless: client disconnected client_id=10
2026-08-25T22:59:27.386855Z  INFO herdr::server::headless: client connected client_id=12 cols=196 rows=61 cell_width_px=0 cell_height_px=0 render_encoding=SemanticFrame
2026-08-25T22:59:31.543349Z  INFO herdr::logging: workspace closed event="workspace.close" subsystem="workspace" outcome="ok" workspace_id="wC"
2026-08-25T22:59:31.555241Z  INFO herdr::logging: pane child exited event="pane.exit" subsystem="pane" outcome="completed" pane_id=11 status="ExitStatus { code: 1, signal: None }"
2026-08-25T22:59:31.568942Z  INFO herdr::pane: pane session terminated pane=11 pid=1075 signal=Hangup
2026-08-25T22:59:31.569409Z  WARN herdr::app::actions: PaneDied for unknown pane pane=11
2026-08-25T22:59:33.682844Z  INFO herdr::logging: tab focused event="tab.focus" subsystem="tab" outcome="ok" workspace_id="w9" tab_id="w9:t1"
2026-08-25T22:59:34.130793Z  INFO herdr::logging: tab focused event="tab.focus" subsystem="tab" outcome="ok" workspace_id="w9" tab_id="w9:t1"
2026-08-25T22:59:34.671271Z  INFO herdr::logging: tab focused event="tab.focus" subsystem="tab" outcome="ok" workspace_id="w9" tab_id="w9:t1"
2026-08-25T22:59:35.053941Z  INFO herdr::logging: tab focused event="tab.focus" subsystem="tab" outcome="ok" workspace_id="w9" tab_id="w9:t1"
2026-08-25T22:59:40.058578Z  INFO herdr::logging: session saved event="persist.save" subsystem="persist" outcome="ok" path=/Users/hl1sqi/.config/herdr/session.json workspaces=2
2026-08-25T22:59:46.257447Z  INFO herdr::logging: workspace focused event="workspace.focus" subsystem="workspace" outcome="ok" workspace_id="w8"
2026-08-25T22:59:46.257584Z  INFO herdr::logging: tab focused event="tab.focus" subsystem="tab" outcome="ok" workspace_id="w8" tab_id="w8:t1"
2026-08-25T22:59:49.903426Z  INFO herdr::logging: tab focused event="tab.focus" subsystem="tab" outcome="ok" workspace_id="w8" tab_id="w8:t1"
2026-08-25T22:59:50.465823Z  INFO herdr::logging: tab focused event="tab.focus" subsystem="tab" outcome="ok" workspace_id="w8" tab_id="w8:t1"
2026-08-25T22:59:50.893610Z  INFO herdr::logging: tab focused event="tab.focus" subsystem="tab" outcome="ok" workspace_id="w8" tab_id="w8:t1"
2026-08-25T22:59:51.276069Z  INFO herdr::logging: tab focused event="tab.focus" subsystem="tab" outcome="ok" workspace_id="w8" tab_id="w8:t1"
2026-08-25T22:59:56.280271Z  INFO herdr::logging: session saved event="persist.save" subsystem="persist" outcome="ok" path=/Users/hl1sqi/.config/herdr/session.json workspaces=2
2026-08-25T22:59:57.328338Z  INFO herdr::logging: tab focused event="tab.focus" subsystem="tab" outcome="ok" workspace_id="w8" tab_id="w8:t3"
2026-08-25T22:59:59.755029Z  INFO herdr::logging: tab focused event="tab.focus" subsystem="tab" outcome="ok" workspace_id="w8" tab_id="w8:t1"
2026-08-25T23:00:04.758530Z  INFO herdr::logging: session saved event="persist.save" subsystem="persist" outcome="ok" path=/Users/hl1sqi/.config/herdr/session.json workspaces=2
2026-08-25T23:00:21.771870Z  INFO herdr::logging: checking for updates event="update.check.start" subsystem="update" outcome="started"
2026-08-25T23:00:23.833698Z  INFO herdr::logging: tab focused event="tab.focus" subsystem="tab" outcome="ok" workspace_id="w8" tab_id="w8:t3"
2026-08-25T23:00:28.837985Z  INFO herdr::logging: session saved event="persist.save" subsystem="persist" outcome="ok" path=/Users/hl1sqi/.config/herdr/session.json workspaces=2
2026-08-25T23:02:20.427746Z  INFO herdr::logging: tab focused event="tab.focus" subsystem="tab" outcome="ok" workspace_id="w8" tab_id="w8:t1"
2026-08-25T23:02:25.432599Z  INFO herdr::logging: session saved event="persist.save" subsystem="persist" outcome="ok" path=/Users/hl1sqi/.config/herdr/session.json workspaces=2
2026-08-25T23:03:37.715135Z  INFO herdr::logging: tab focused event="tab.focus" subsystem="tab" outcome="ok" workspace_id="w8" tab_id="w8:t3"
2026-08-25T23:03:42.717537Z  INFO herdr::logging: session saved event="persist.save" subsystem="persist" outcome="ok" path=/Users/hl1sqi/.config/herdr/session.json workspaces=2
2026-08-25T23:05:12.438040Z  INFO herdr::logging: tab focused event="tab.focus" subsystem="tab" outcome="ok" workspace_id="w8" tab_id="w8:t1"
2026-08-25T23:05:17.439855Z  INFO herdr::logging: session saved event="persist.save" subsystem="persist" outcome="ok" path=/Users/hl1sqi/.config/herdr/session.json workspaces=2
2026-08-25T23:05:44.239980Z  INFO herdr::logging: tab focused event="tab.focus" subsystem="tab" outcome="ok" workspace_id="w8" tab_id="w8:t3"
2026-08-25T23:05:49.242301Z  INFO herdr::logging: session saved event="persist.save" subsystem="persist" outcome="ok" path=/Users/hl1sqi/.config/herdr/session.json workspaces=2
2026-08-25T23:07:50.282779Z  INFO herdr::logging: tab focused event="tab.focus" subsystem="tab" outcome="ok" workspace_id="w8" tab_id="w8:t1"
2026-08-25T23:07:55.287825Z  INFO herdr::logging: session saved event="persist.save" subsystem="persist" outcome="ok" path=/Users/hl1sqi/.config/herdr/session.json workspaces=2
2026-08-25T23:07:56.781155Z  INFO herdr::server::headless: client detach requested via keybind client_id=12
2026-08-25T23:07:56.784406Z  INFO herdr::server::headless: client disconnected client_id=12
2026-08-25T23:08:03.399380Z  INFO herdr::logging: api request received event="api.request.start" subsystem="api" outcome="started" request_id="cli:server:reload-config" method="server.reload_config" changes_ui=true
2026-08-25T23:08:03.399998Z  INFO herdr::logging: api request completed event="api.request.complete" subsystem="api" outcome="ok" request_id="cli:server:reload-config" method="server.reload_config"
2026-08-25T23:08:06.655984Z  INFO herdr::server::headless: client connected client_id=14 cols=196 rows=61 cell_width_px=0 cell_height_px=0 render_encoding=SemanticFrame
2026-08-25T23:08:21.332273Z  INFO herdr::logging: tab focused event="tab.focus" subsystem="tab" outcome="ok" workspace_id="w8" tab_id="w8:t1"
2026-08-25T23:08:26.336963Z  INFO herdr::logging: session saved event="persist.save" subsystem="persist" outcome="ok" path=/Users/hl1sqi/.config/herdr/session.json workspaces=2
2026-08-25T23:08:46.757414Z  INFO herdr::logging: tab focused event="tab.focus" subsystem="tab" outcome="ok" workspace_id="w8" tab_id="w8:t1"
2026-08-25T23:08:48.015025Z  INFO herdr::logging: tab focused event="tab.focus" subsystem="tab" outcome="ok" workspace_id="w8" tab_id="w8:t1"
2026-08-25T23:08:50.244668Z  INFO herdr::logging: tab focused event="tab.focus" subsystem="tab" outcome="ok" workspace_id="w8" tab_id="w8:t3"
2026-08-25T23:08:55.249111Z  INFO herdr::logging: session saved event="persist.save" subsystem="persist" outcome="ok" path=/Users/hl1sqi/.config/herdr/session.json workspaces=2
2026-08-25T23:08:57.084588Z  INFO herdr::logging: tab focused event="tab.focus" subsystem="tab" outcome="ok" workspace_id="w8" tab_id="w8:t1"
2026-08-25T23:08:58.479852Z  INFO herdr::logging: tab focused event="tab.focus" subsystem="tab" outcome="ok" workspace_id="w8" tab_id="w8:t3"
2026-08-25T23:09:00.097688Z  INFO herdr::logging: tab focused event="tab.focus" subsystem="tab" outcome="ok" workspace_id="w8" tab_id="w8:t1"
2026-08-25T23:09:04.870947Z  INFO herdr::logging: tab focused event="tab.focus" subsystem="tab" outcome="ok" workspace_id="w8" tab_id="w8:t3"
2026-08-25T23:09:08.156272Z  INFO herdr::logging: workspace focused event="workspace.focus" subsystem="workspace" outcome="ok" workspace_id="w9"
2026-08-25T23:09:08.156392Z  INFO herdr::logging: tab focused event="tab.focus" subsystem="tab" outcome="ok" workspace_id="w9" tab_id="w9:t1"
2026-08-25T23:09:12.074099Z  INFO herdr::logging: workspace focused event="workspace.focus" subsystem="workspace" outcome="ok" workspace_id="w9"
2026-08-25T23:09:12.074142Z  INFO herdr::logging: tab focused event="tab.focus" subsystem="tab" outcome="ok" workspace_id="w9" tab_id="w9:t1"
2026-08-25T23:09:12.755877Z  INFO herdr::logging: workspace focused event="workspace.focus" subsystem="workspace" outcome="ok" workspace_id="w8"
2026-08-25T23:09:12.755945Z  INFO herdr::logging: tab focused event="tab.focus" subsystem="tab" outcome="ok" workspace_id="w8" tab_id="w8:t3"
2026-08-25T23:09:17.760065Z  INFO herdr::logging: session saved event="persist.save" subsystem="persist" outcome="ok" path=/Users/hl1sqi/.config/herdr/session.json workspaces=2
2026-08-25T23:09:27.843859Z  INFO herdr::logging: workspace focused event="workspace.focus" subsystem="workspace" outcome="ok" workspace_id="w9"
2026-08-25T23:09:27.844039Z  INFO herdr::logging: tab focused event="tab.focus" subsystem="tab" outcome="ok" workspace_id="w9" tab_id="w9:t1"
2026-08-25T23:09:32.495041Z  INFO herdr::logging: spawning pane terminal event="pane.spawn.start" subsystem="pane" outcome="started" pane_id=12 rows=60 cols=85 scrollback_limit_bytes=10000000
2026-08-25T23:09:32.501011Z  INFO herdr::logging: pane child spawned event="pane.spawned" subsystem="pane" outcome="ok" pane_id=12 pid=5474
2026-08-25T23:09:32.501475Z  INFO herdr::logging: tab focused event="tab.focus" subsystem="tab" outcome="ok" workspace_id="w9" tab_id="w9:t2"
2026-08-25T23:09:35.765878Z  INFO herdr::logging: spawning pane terminal event="pane.spawn.start" subsystem="pane" outcome="started" pane_id=13 rows=60 cols=170 scrollback_limit_bytes=10000000
2026-08-25T23:09:35.772659Z  INFO herdr::logging: pane child spawned event="pane.spawned" subsystem="pane" outcome="ok" pane_id=13 pid=5773
2026-08-25T23:09:35.772899Z  INFO herdr::logging: tab focused event="tab.focus" subsystem="tab" outcome="ok" workspace_id="w9" tab_id="w9:t3"
2026-08-25T23:09:40.776158Z  INFO herdr::logging: session saved event="persist.save" subsystem="persist" outcome="ok" path=/Users/hl1sqi/.config/herdr/session.json workspaces=2
2026-08-25T23:09:43.409461Z  INFO herdr::logging: tab focused event="tab.focus" subsystem="tab" outcome="ok" workspace_id="w9" tab_id="w9:t1"
2026-08-25T23:09:46.785949Z  INFO herdr::logging: tab focused event="tab.focus" subsystem="tab" outcome="ok" workspace_id="w9" tab_id="w9:t2"
2026-08-25T23:09:51.788511Z  INFO herdr::logging: session saved event="persist.save" subsystem="persist" outcome="ok" path=/Users/hl1sqi/.config/herdr/session.json workspaces=2
2026-08-25T23:10:00.287624Z  INFO herdr::logging: tab focused event="tab.focus" subsystem="tab" outcome="ok" workspace_id="w9" tab_id="w9:t1"
2026-08-25T23:10:05.290992Z  INFO herdr::logging: session saved event="persist.save" subsystem="persist" outcome="ok" path=/Users/hl1sqi/.config/herdr/session.json workspaces=2
2026-08-25T23:10:12.549150Z  INFO herdr::logging: tab focused event="tab.focus" subsystem="tab" outcome="ok" workspace_id="w9" tab_id="w9:t1"
2026-08-25T23:10:17.553375Z  INFO herdr::logging: session saved event="persist.save" subsystem="persist" outcome="ok" path=/Users/hl1sqi/.config/herdr/session.json workspaces=2
2026-08-25T23:10:36.510462Z  INFO herdr::logging: workspace focused event="workspace.focus" subsystem="workspace" outcome="ok" workspace_id="w8"
2026-08-25T23:10:36.510552Z  INFO herdr::logging: tab focused event="tab.focus" subsystem="tab" outcome="ok" workspace_id="w8" tab_id="w8:t3"
2026-08-25T23:10:41.514275Z  INFO herdr::logging: session saved event="persist.save" subsystem="persist" outcome="ok" path=/Users/hl1sqi/.config/herdr/session.json workspaces=2
2026-08-25T23:11:10.779744Z  INFO herdr::server::headless: client detach requested via keybind client_id=14
2026-08-25T23:11:10.783469Z  INFO herdr::server::headless: client disconnected client_id=14
2026-08-25T23:11:12.438696Z  INFO herdr::logging: api request received event="api.request.start" subsystem="api" outcome="started" request_id="cli:server:reload-config" method="server.reload_config" changes_ui=true
2026-08-25T23:11:12.439320Z  INFO herdr::logging: api request completed event="api.request.complete" subsystem="api" outcome="ok" request_id="cli:server:reload-config" method="server.reload_config"
2026-08-25T23:11:17.963284Z  INFO herdr::server::headless: client connected client_id=16 cols=196 rows=61 cell_width_px=0 cell_height_px=0 render_encoding=SemanticFrame
2026-08-25T23:11:23.087175Z  INFO herdr::logging: tab focused event="tab.focus" subsystem="tab" outcome="ok" workspace_id="w8" tab_id="w8:t1"
2026-08-25T23:11:28.091596Z  INFO herdr::logging: session saved event="persist.save" subsystem="persist" outcome="ok" path=/Users/hl1sqi/.config/herdr/session.json workspaces=2
2026-08-25T23:11:47.928743Z  INFO herdr::logging: tab focused event="tab.focus" subsystem="tab" outcome="ok" workspace_id="w8" tab_id="w8:t3"
2026-08-25T23:11:52.932288Z  INFO herdr::logging: session saved event="persist.save" subsystem="persist" outcome="ok" path=/Users/hl1sqi/.config/herdr/session.json workspaces=2
2026-08-25T23:11:56.702033Z  INFO herdr::server::headless: client detach requested via keybind client_id=16
2026-08-25T23:11:56.706490Z  INFO herdr::server::headless: client disconnected client_id=16
2026-08-25T23:11:58.204146Z  INFO herdr::logging: api request received event="api.request.start" subsystem="api" outcome="started" request_id="cli:server:reload-config" method="server.reload_config" changes_ui=true
2026-08-25T23:11:58.204762Z  INFO herdr::logging: api request completed event="api.request.complete" subsystem="api" outcome="ok" request_id="cli:server:reload-config" method="server.reload_config"
2026-08-25T23:11:59.717631Z  INFO herdr::server::headless: client connected client_id=18 cols=196 rows=61 cell_width_px=0 cell_height_px=0 render_encoding=SemanticFrame
2026-08-25T23:12:03.677306Z  INFO herdr::logging: tab focused event="tab.focus" subsystem="tab" outcome="ok" workspace_id="w8" tab_id="w8:t1"
2026-08-25T23:12:05.296801Z  INFO herdr::logging: tab focused event="tab.focus" subsystem="tab" outcome="ok" workspace_id="w8" tab_id="w8:t3"
2026-08-25T23:12:06.602227Z  INFO herdr::logging: tab focused event="tab.focus" subsystem="tab" outcome="ok" workspace_id="w8" tab_id="w8:t1"
2026-08-25T23:12:10.832217Z  INFO herdr::logging: tab focused event="tab.focus" subsystem="tab" outcome="ok" workspace_id="w8" tab_id="w8:t3"
2026-08-25T23:12:15.836804Z  INFO herdr::logging: session saved event="persist.save" subsystem="persist" outcome="ok" path=/Users/hl1sqi/.config/herdr/session.json workspaces=2
2026-08-25T23:12:22.667044Z  INFO herdr::logging: tab focused event="tab.focus" subsystem="tab" outcome="ok" workspace_id="w8" tab_id="w8:t1"
2026-08-25T23:12:27.670559Z  INFO herdr::logging: session saved event="persist.save" subsystem="persist" outcome="ok" path=/Users/hl1sqi/.config/herdr/session.json workspaces=2
2026-08-25T23:12:33.354483Z  INFO herdr::logging: tab focused event="tab.focus" subsystem="tab" outcome="ok" workspace_id="w8" tab_id="w8:t1"
2026-08-25T23:12:34.277161Z  INFO herdr::logging: tab focused event="tab.focus" subsystem="tab" outcome="ok" workspace_id="w8" tab_id="w8:t1"
2026-08-25T23:12:34.704615Z  INFO herdr::logging: tab focused event="tab.focus" subsystem="tab" outcome="ok" workspace_id="w8" tab_id="w8:t1"
2026-08-25T23:12:35.244382Z  INFO herdr::logging: tab focused event="tab.focus" subsystem="tab" outcome="ok" workspace_id="w8" tab_id="w8:t1"
2026-08-25T23:12:35.694649Z  INFO herdr::logging: tab focused event="tab.focus" subsystem="tab" outcome="ok" workspace_id="w8" tab_id="w8:t1"
2026-08-25T23:12:37.156556Z  INFO herdr::logging: tab focused event="tab.focus" subsystem="tab" outcome="ok" workspace_id="w8" tab_id="w8:t1"
2026-08-25T23:12:37.561944Z  INFO herdr::logging: tab focused event="tab.focus" subsystem="tab" outcome="ok" workspace_id="w8" tab_id="w8:t1"
2026-08-25T23:12:38.480587Z  INFO herdr::logging: tab focused event="tab.focus" subsystem="tab" outcome="ok" workspace_id="w8" tab_id="w8:t1"
2026-08-25T23:12:38.864740Z  INFO herdr::logging: tab focused event="tab.focus" subsystem="tab" outcome="ok" workspace_id="w8" tab_id="w8:t1"
2026-08-25T23:12:42.950045Z  INFO herdr::logging: workspace focused event="workspace.focus" subsystem="workspace" outcome="ok" workspace_id="w9"
2026-08-25T23:12:42.950092Z  INFO herdr::logging: tab focused event="tab.focus" subsystem="tab" outcome="ok" workspace_id="w9" tab_id="w9:t1"
2026-08-25T23:12:47.663412Z  INFO herdr::logging: tab focused event="tab.focus" subsystem="tab" outcome="ok" workspace_id="w9" tab_id="w9:t2"
2026-08-25T23:12:48.991859Z  INFO herdr::logging: tab focused event="tab.focus" subsystem="tab" outcome="ok" workspace_id="w9" tab_id="w9:t3"
2026-08-25T23:12:51.286543Z  INFO herdr::logging: tab focused event="tab.focus" subsystem="tab" outcome="ok" workspace_id="w9" tab_id="w9:t1"
2026-08-25T23:12:52.432724Z  INFO herdr::logging: tab focused event="tab.focus" subsystem="tab" outcome="ok" workspace_id="w9" tab_id="w9:t2"
2026-08-25T23:12:53.491798Z  INFO herdr::logging: tab focused event="tab.focus" subsystem="tab" outcome="ok" workspace_id="w9" tab_id="w9:t3"
2026-08-25T23:12:58.495557Z  INFO herdr::logging: session saved event="persist.save" subsystem="persist" outcome="ok" path=/Users/hl1sqi/.config/herdr/session.json workspaces=2
2026-08-25T23:13:01.005541Z  INFO herdr::logging: tab focused event="tab.focus" subsystem="tab" outcome="ok" workspace_id="w9" tab_id="w9:t2"
2026-08-25T23:13:01.975425Z  INFO herdr::logging: tab focused event="tab.focus" subsystem="tab" outcome="ok" workspace_id="w9" tab_id="w9:t1"
2026-08-25T23:13:05.798049Z  INFO herdr::logging: tab focused event="tab.focus" subsystem="tab" outcome="ok" workspace_id="w9" tab_id="w9:t2"
2026-08-25T23:13:06.720830Z  INFO herdr::logging: tab focused event="tab.focus" subsystem="tab" outcome="ok" workspace_id="w9" tab_id="w9:t3"
2026-08-25T23:13:08.815443Z  INFO herdr::logging: workspace focused event="workspace.focus" subsystem="workspace" outcome="ok" workspace_id="w8"
2026-08-25T23:13:08.815570Z  INFO herdr::logging: tab focused event="tab.focus" subsystem="tab" outcome="ok" workspace_id="w8" tab_id="w8:t1"
2026-08-25T23:13:10.668901Z  INFO herdr::logging: tab focused event="tab.focus" subsystem="tab" outcome="ok" workspace_id="w8" tab_id="w8:t3"
2026-08-25T23:13:12.895973Z  INFO herdr::logging: tab focused event="tab.focus" subsystem="tab" outcome="ok" workspace_id="w8" tab_id="w8:t1"
2026-08-25T23:13:13.773652Z  INFO herdr::logging: tab focused event="tab.focus" subsystem="tab" outcome="ok" workspace_id="w8" tab_id="w8:t3"
2026-08-25T23:13:15.392915Z  INFO herdr::logging: tab focused event="tab.focus" subsystem="tab" outcome="ok" workspace_id="w8" tab_id="w8:t1"
2026-08-25T23:13:17.635763Z  INFO herdr::logging: tab focused event="tab.focus" subsystem="tab" outcome="ok" workspace_id="w8" tab_id="w8:t3"
2026-08-25T23:13:19.712885Z  INFO herdr::logging: workspace focused event="workspace.focus" subsystem="workspace" outcome="ok" workspace_id="w9"
2026-08-25T23:13:19.713007Z  INFO herdr::logging: tab focused event="tab.focus" subsystem="tab" outcome="ok" workspace_id="w9" tab_id="w9:t3"
2026-08-25T23:13:21.481721Z  INFO herdr::logging: workspace focused event="workspace.focus" subsystem="workspace" outcome="ok" workspace_id="w8"
2026-08-25T23:13:21.481776Z  INFO herdr::logging: tab focused event="tab.focus" subsystem="tab" outcome="ok" workspace_id="w8" tab_id="w8:t3"
2026-08-25T23:13:25.039949Z  INFO herdr::logging: tab focused event="tab.focus" subsystem="tab" outcome="ok" workspace_id="w8" tab_id="w8:t1"
2026-08-25T23:13:25.939891Z  INFO herdr::logging: tab focused event="tab.focus" subsystem="tab" outcome="ok" workspace_id="w8" tab_id="w8:t3"
2026-08-25T23:13:30.944610Z  INFO herdr::logging: session saved event="persist.save" subsystem="persist" outcome="ok" path=/Users/hl1sqi/.config/herdr/session.json workspaces=2
2026-08-25T23:13:32.979092Z  INFO herdr::logging: tab focused event="tab.focus" subsystem="tab" outcome="ok" workspace_id="w8" tab_id="w8:t1"
2026-08-25T23:13:33.854130Z  INFO herdr::logging: tab focused event="tab.focus" subsystem="tab" outcome="ok" workspace_id="w8" tab_id="w8:t3"
2026-08-25T23:13:38.858193Z  INFO herdr::logging: session saved event="persist.save" subsystem="persist" outcome="ok" path=/Users/hl1sqi/.config/herdr/session.json workspaces=2
2026-08-25T23:13:42.720978Z  INFO herdr::logging: tab focused event="tab.focus" subsystem="tab" outcome="ok" workspace_id="w8" tab_id="w8:t1"
2026-08-25T23:13:43.641908Z  INFO herdr::logging: tab focused event="tab.focus" subsystem="tab" outcome="ok" workspace_id="w8" tab_id="w8:t3"
2026-08-25T23:13:44.496905Z  INFO herdr::logging: tab focused event="tab.focus" subsystem="tab" outcome="ok" workspace_id="w8" tab_id="w8:t1"
2026-08-25T23:13:49.499817Z  INFO herdr::logging: session saved event="persist.save" subsystem="persist" outcome="ok" path=/Users/hl1sqi/.config/herdr/session.json workspaces=2
2026-08-25T23:13:58.404053Z  INFO herdr::logging: tab focused event="tab.focus" subsystem="tab" outcome="ok" workspace_id="w8" tab_id="w8:t3"
2026-08-25T23:14:03.407841Z  INFO herdr::logging: session saved event="persist.save" subsystem="persist" outcome="ok" path=/Users/hl1sqi/.config/herdr/session.json workspaces=2
2026-08-25T23:15:15.015177Z  INFO herdr::server::headless: client detach requested via keybind client_id=18
2026-08-25T23:15:15.019212Z  INFO herdr::server::headless: client disconnected client_id=18
2026-08-25T23:15:17.256663Z  INFO herdr::logging: api request received event="api.request.start" subsystem="api" outcome="started" request_id="cli:server:reload-config" method="server.reload_config" changes_ui=true
2026-08-25T23:15:17.257210Z  INFO herdr::logging: api request completed event="api.request.complete" subsystem="api" outcome="ok" request_id="cli:server:reload-config" method="server.reload_config"
2026-08-25T23:15:19.274057Z  INFO herdr::server::headless: client connected client_id=20 cols=196 rows=61 cell_width_px=0 cell_height_px=0 render_encoding=SemanticFrame
2026-08-25T23:15:30.676170Z  INFO herdr::logging: workspace focused event="workspace.focus" subsystem="workspace" outcome="ok" workspace_id="w9"
2026-08-25T23:15:30.676299Z  INFO herdr::logging: tab focused event="tab.focus" subsystem="tab" outcome="ok" workspace_id="w9" tab_id="w9:t1"
2026-08-25T23:15:35.679471Z  INFO herdr::logging: session saved event="persist.save" subsystem="persist" outcome="ok" path=/Users/hl1sqi/.config/herdr/session.json workspaces=2
2026-08-25T23:15:45.098760Z  INFO herdr::logging: tab focused event="tab.focus" subsystem="tab" outcome="ok" workspace_id="w9" tab_id="w9:t1"
2026-08-25T23:15:50.102950Z  INFO herdr::logging: session saved event="persist.save" subsystem="persist" outcome="ok" path=/Users/hl1sqi/.config/herdr/session.json workspaces=2
2026-08-25T23:18:42.487719Z  INFO herdr::server::headless: client resize client_id=20 cols=196 rows=60 cell_width_px=0 cell_height_px=0
2026-08-25T23:18:53.044099Z  INFO herdr::server::headless: client resize client_id=20 cols=196 rows=61 cell_width_px=0 cell_height_px=0
2026-08-25T23:20:08.820924Z  INFO herdr::logging: workspace focused event="workspace.focus" subsystem="workspace" outcome="ok" workspace_id="w8"
2026-08-25T23:20:08.821989Z  INFO herdr::logging: tab focused event="tab.focus" subsystem="tab" outcome="ok" workspace_id="w8" tab_id="w8:t3"
2026-08-25T23:20:13.825295Z  INFO herdr::logging: session saved event="persist.save" subsystem="persist" outcome="ok" path=/Users/hl1sqi/.config/herdr/session.json workspaces=2
2026-08-25T23:20:23.332359Z  INFO herdr::logging: workspace focused event="workspace.focus" subsystem="workspace" outcome="ok" workspace_id="w9"
2026-08-25T23:20:23.332440Z  INFO herdr::logging: tab focused event="tab.focus" subsystem="tab" outcome="ok" workspace_id="w9" tab_id="w9:t1"
2026-08-25T23:20:25.603985Z  INFO herdr::logging: tab focused event="tab.focus" subsystem="tab" outcome="ok" workspace_id="w9" tab_id="w9:t2"
2026-08-25T23:20:26.460364Z  INFO herdr::logging: tab focused event="tab.focus" subsystem="tab" outcome="ok" workspace_id="w9" tab_id="w9:t3"
2026-08-25T23:20:31.462694Z  INFO herdr::logging: session saved event="persist.save" subsystem="persist" outcome="ok" path=/Users/hl1sqi/.config/herdr/session.json workspaces=2
2026-08-25T23:21:32.680154Z  INFO herdr::logging: tab focused event="tab.focus" subsystem="tab" outcome="ok" workspace_id="w9" tab_id="w9:t2"
2026-08-25T23:21:33.510291Z  INFO herdr::logging: tab focused event="tab.focus" subsystem="tab" outcome="ok" workspace_id="w9" tab_id="w9:t1"
2026-08-25T23:21:38.514252Z  INFO herdr::logging: session saved event="persist.save" subsystem="persist" outcome="ok" path=/Users/hl1sqi/.config/herdr/session.json workspaces=2
2026-08-25T23:21:39.339064Z  INFO herdr::logging: workspace focused event="workspace.focus" subsystem="workspace" outcome="ok" workspace_id="w8"
2026-08-25T23:21:39.339209Z  INFO herdr::logging: tab focused event="tab.focus" subsystem="tab" outcome="ok" workspace_id="w8" tab_id="w8:t1"
2026-08-25T23:21:44.343217Z  INFO herdr::logging: session saved event="persist.save" subsystem="persist" outcome="ok" path=/Users/hl1sqi/.config/herdr/session.json workspaces=2
2026-08-25T23:21:53.764457Z  INFO herdr::logging: workspace focused event="workspace.focus" subsystem="workspace" outcome="ok" workspace_id="w9"
2026-08-25T23:21:53.764601Z  INFO herdr::logging: tab focused event="tab.focus" subsystem="tab" outcome="ok" workspace_id="w9" tab_id="w9:t1"
2026-08-25T23:21:54.572827Z  INFO herdr::logging: workspace focused event="workspace.focus" subsystem="workspace" outcome="ok" workspace_id="w8"
2026-08-25T23:21:54.572954Z  INFO herdr::logging: tab focused event="tab.focus" subsystem="tab" outcome="ok" workspace_id="w8" tab_id="w8:t1"
2026-08-25T23:21:56.035324Z  INFO herdr::logging: workspace focused event="workspace.focus" subsystem="workspace" outcome="ok" workspace_id="w9"
2026-08-25T23:21:56.035434Z  INFO herdr::logging: tab focused event="tab.focus" subsystem="tab" outcome="ok" workspace_id="w9" tab_id="w9:t1"
2026-08-25T23:21:56.973493Z  INFO herdr::logging: workspace focused event="workspace.focus" subsystem="workspace" outcome="ok" workspace_id="w8"
2026-08-25T23:21:56.973635Z  INFO herdr::logging: tab focused event="tab.focus" subsystem="tab" outcome="ok" workspace_id="w8" tab_id="w8:t1"
2026-08-25T23:21:59.351069Z  INFO herdr::logging: workspace focused event="workspace.focus" subsystem="workspace" outcome="ok" workspace_id="w9"
2026-08-25T23:21:59.351208Z  INFO herdr::logging: tab focused event="tab.focus" subsystem="tab" outcome="ok" workspace_id="w9" tab_id="w9:t1"
2026-08-25T23:22:04.354937Z  INFO herdr::logging: session saved event="persist.save" subsystem="persist" outcome="ok" path=/Users/hl1sqi/.config/herdr/session.json workspaces=2
2026-08-25T23:22:06.717771Z  INFO herdr::logging: tab focused event="tab.focus" subsystem="tab" outcome="ok" workspace_id="w9" tab_id="w9:t1"
2026-08-25T23:22:11.722737Z  INFO herdr::logging: session saved event="persist.save" subsystem="persist" outcome="ok" path=/Users/hl1sqi/.config/herdr/session.json workspaces=2
2026-08-25T23:22:30.343436Z  INFO herdr::logging: workspace focused event="workspace.focus" subsystem="workspace" outcome="ok" workspace_id="w8"
2026-08-25T23:22:30.343528Z  INFO herdr::logging: tab focused event="tab.focus" subsystem="tab" outcome="ok" workspace_id="w8" tab_id="w8:t3"
2026-08-25T23:22:35.347440Z  INFO herdr::logging: session saved event="persist.save" subsystem="persist" outcome="ok" path=/Users/hl1sqi/.config/herdr/session.json workspaces=2
2026-08-25T23:23:14.760880Z  INFO herdr::logging: workspace focused event="workspace.focus" subsystem="workspace" outcome="ok" workspace_id="w9"
2026-08-25T23:23:14.761807Z  INFO herdr::logging: tab focused event="tab.focus" subsystem="tab" outcome="ok" workspace_id="w9" tab_id="w9:t1"
2026-08-25T23:23:16.335425Z  INFO herdr::logging: tab focused event="tab.focus" subsystem="tab" outcome="ok" workspace_id="w9" tab_id="w9:t1"
2026-08-25T23:23:17.390440Z  INFO herdr::logging: tab focused event="tab.focus" subsystem="tab" outcome="ok" workspace_id="w9" tab_id="w9:t1"
2026-08-25T23:23:18.923076Z  INFO herdr::logging: tab focused event="tab.focus" subsystem="tab" outcome="ok" workspace_id="w9" tab_id="w9:t1"
2026-08-25T23:23:20.047734Z  INFO herdr::logging: tab focused event="tab.focus" subsystem="tab" outcome="ok" workspace_id="w9" tab_id="w9:t1"
2026-08-25T23:23:21.487850Z  INFO herdr::logging: tab focused event="tab.focus" subsystem="tab" outcome="ok" workspace_id="w9" tab_id="w9:t1"
2026-08-25T23:23:21.804723Z  INFO herdr::logging: tab focused event="tab.focus" subsystem="tab" outcome="ok" workspace_id="w9" tab_id="w9:t1"
2026-08-25T23:23:26.809261Z  INFO herdr::logging: session saved event="persist.save" subsystem="persist" outcome="ok" path=/Users/hl1sqi/.config/herdr/session.json workspaces=2
2026-08-25T23:30:21.763650Z  INFO herdr::logging: checking for updates event="update.check.start" subsystem="update" outcome="started"
2026-08-26T00:00:21.719444Z  INFO herdr::logging: checking for updates event="update.check.start" subsystem="update" outcome="started"
2026-08-26T00:05:34.644799Z  INFO herdr::logging: tab focused event="tab.focus" subsystem="tab" outcome="ok" workspace_id="w9" tab_id="w9:t2"
2026-08-26T00:05:35.597431Z  INFO herdr::logging: tab focused event="tab.focus" subsystem="tab" outcome="ok" workspace_id="w9" tab_id="w9:t3"
2026-08-26T00:05:36.669464Z  INFO herdr::logging: tab focused event="tab.focus" subsystem="tab" outcome="ok" workspace_id="w9" tab_id="w9:t1"
2026-08-26T00:05:39.986029Z  INFO herdr::logging: workspace focused event="workspace.focus" subsystem="workspace" outcome="ok" workspace_id="w8"
2026-08-26T00:05:39.986147Z  INFO herdr::logging: tab focused event="tab.focus" subsystem="tab" outcome="ok" workspace_id="w8" tab_id="w8:t3"
2026-08-26T00:05:44.990061Z  INFO herdr::logging: session saved event="persist.save" subsystem="persist" outcome="ok" path=/Users/hl1sqi/.config/herdr/session.json workspaces=2
2026-08-26T00:05:49.656808Z  INFO herdr::logging: tab focused event="tab.focus" subsystem="tab" outcome="ok" workspace_id="w8" tab_id="w8:t1"
2026-08-26T00:05:51.615947Z  INFO herdr::logging: tab focused event="tab.focus" subsystem="tab" outcome="ok" workspace_id="w8" tab_id="w8:t1"
2026-08-26T00:05:56.621506Z  INFO herdr::logging: session saved event="persist.save" subsystem="persist" outcome="ok" path=/Users/hl1sqi/.config/herdr/session.json workspaces=2
2026-08-26T00:06:03.697438Z  INFO herdr::logging: tab focused event="tab.focus" subsystem="tab" outcome="ok" workspace_id="w8" tab_id="w8:t1"
2026-08-26T00:06:08.620216Z  INFO herdr::logging: tab focused event="tab.focus" subsystem="tab" outcome="ok" workspace_id="w8" tab_id="w8:t1"
2026-08-26T00:06:13.624843Z  INFO herdr::logging: session saved event="persist.save" subsystem="persist" outcome="ok" path=/Users/hl1sqi/.config/herdr/session.json workspaces=2
2026-08-26T00:07:25.236835Z  INFO herdr::logging: tab focused event="tab.focus" subsystem="tab" outcome="ok" workspace_id="w8" tab_id="w8:t1"
2026-08-26T00:07:30.241864Z  INFO herdr::logging: session saved event="persist.save" subsystem="persist" outcome="ok" path=/Users/hl1sqi/.config/herdr/session.json workspaces=2
2026-08-26T00:07:31.204503Z  INFO herdr::logging: tab focused event="tab.focus" subsystem="tab" outcome="ok" workspace_id="w8" tab_id="w8:t1"
2026-08-26T00:07:36.208921Z  INFO herdr::logging: session saved event="persist.save" subsystem="persist" outcome="ok" path=/Users/hl1sqi/.config/herdr/session.json workspaces=2
2026-08-26T00:08:08.413150Z  INFO herdr::logging: tab focused event="tab.focus" subsystem="tab" outcome="ok" workspace_id="w8" tab_id="w8:t1"
2026-08-26T00:08:13.418937Z  INFO herdr::logging: session saved event="persist.save" subsystem="persist" outcome="ok" path=/Users/hl1sqi/.config/herdr/session.json workspaces=2
2026-08-26T00:08:14.072083Z  INFO herdr::logging: tab focused event="tab.focus" subsystem="tab" outcome="ok" workspace_id="w8" tab_id="w8:t1"
2026-08-26T00:08:14.220969Z  INFO herdr::app::actions: copied selection to clipboard
2026-08-26T00:08:19.075712Z  INFO herdr::logging: session saved event="persist.save" subsystem="persist" outcome="ok" path=/Users/hl1sqi/.config/herdr/session.json workspaces=2
2026-08-26T00:08:29.220640Z  INFO herdr::logging: tab focused event="tab.focus" subsystem="tab" outcome="ok" workspace_id="w8" tab_id="w8:t1"
2026-08-26T00:08:33.133811Z  INFO herdr::logging: tab focused event="tab.focus" subsystem="tab" outcome="ok" workspace_id="w8" tab_id="w8:t1"
2026-08-26T00:08:36.719976Z  INFO herdr::logging: tab focused event="tab.focus" subsystem="tab" outcome="ok" workspace_id="w8" tab_id="w8:t1"
2026-08-26T00:08:39.082425Z  INFO herdr::logging: tab focused event="tab.focus" subsystem="tab" outcome="ok" workspace_id="w8" tab_id="w8:t1"
2026-08-26T00:08:43.657057Z  INFO herdr::logging: tab focused event="tab.focus" subsystem="tab" outcome="ok" workspace_id="w8" tab_id="w8:t1"
2026-08-26T00:08:48.465103Z  INFO herdr::logging: tab focused event="tab.focus" subsystem="tab" outcome="ok" workspace_id="w8" tab_id="w8:t1"
2026-08-26T00:08:53.469303Z  INFO herdr::logging: session saved event="persist.save" subsystem="persist" outcome="ok" path=/Users/hl1sqi/.config/herdr/session.json workspaces=2
2026-08-26T00:30:21.739134Z  INFO herdr::logging: checking for updates event="update.check.start" subsystem="update" outcome="started"
2026-08-26T00:35:48.823582Z  INFO herdr::logging: tab focused event="tab.focus" subsystem="tab" outcome="ok" workspace_id="w8" tab_id="w8:t3"
2026-08-26T00:35:53.836408Z  INFO herdr::logging: session saved event="persist.save" subsystem="persist" outcome="ok" path=/Users/hl1sqi/.config/herdr/session.json workspaces=2
2026-08-26T00:37:35.248942Z  INFO herdr::logging: spawning pane terminal event="pane.spawn.start" subsystem="pane" outcome="started" pane_id=14 rows=60 cols=192 scrollback_limit_bytes=10000000
2026-08-26T00:37:35.258327Z  INFO herdr::logging: pane child spawned event="pane.spawned" subsystem="pane" outcome="ok" pane_id=14 pid=33435
2026-08-26T00:37:35.258774Z  INFO herdr::logging: tab focused event="tab.focus" subsystem="tab" outcome="ok" workspace_id="w8" tab_id="w8:t3"
2026-08-26T00:37:40.269854Z  INFO herdr::logging: session saved event="persist.save" subsystem="persist" outcome="ok" path=/Users/hl1sqi/.config/herdr/session.json workspaces=2
2026-08-26T00:45:12.837305Z  INFO herdr::logging: tab focused event="tab.focus" subsystem="tab" outcome="ok" workspace_id="w8" tab_id="w8:t3"
2026-08-26T00:45:17.849380Z  INFO herdr::logging: session saved event="persist.save" subsystem="persist" outcome="ok" path=/Users/hl1sqi/.config/herdr/session.json workspaces=2
2026-08-26T00:46:20.598459Z  INFO herdr::logging: tab focused event="tab.focus" subsystem="tab" outcome="ok" workspace_id="w8" tab_id="w8:t1"
2026-08-26T00:46:25.610581Z  INFO herdr::logging: session saved event="persist.save" subsystem="persist" outcome="ok" path=/Users/hl1sqi/.config/herdr/session.json workspaces=2
2026-08-26T00:46:27.869989Z  INFO herdr::logging: spawning pane terminal event="pane.spawn.start" subsystem="pane" outcome="started" pane_id=15 rows=60 cols=96 scrollback_limit_bytes=10000000
2026-08-26T00:46:27.877489Z  INFO herdr::logging: pane child spawned event="pane.spawned" subsystem="pane" outcome="ok" pane_id=15 pid=38246
2026-08-26T00:46:27.877895Z  INFO herdr::logging: tab focused event="tab.focus" subsystem="tab" outcome="ok" workspace_id="w8" tab_id="w8:t1"
2026-08-26T00:46:32.885537Z  INFO herdr::logging: session saved event="persist.save" subsystem="persist" outcome="ok" path=/Users/hl1sqi/.config/herdr/session.json workspaces=2
2026-08-26T00:47:02.605400Z  INFO herdr::logging: tab focused event="tab.focus" subsystem="tab" outcome="ok" workspace_id="w8" tab_id="w8:t3"
2026-08-26T00:47:05.687606Z  INFO herdr::logging: tab focused event="tab.focus" subsystem="tab" outcome="ok" workspace_id="w8" tab_id="w8:t1"
2026-08-26T00:47:10.697623Z  INFO herdr::logging: session saved event="persist.save" subsystem="persist" outcome="ok" path=/Users/hl1sqi/.config/herdr/session.json workspaces=2
2026-08-26T00:47:23.734340Z  INFO herdr::logging: spawning pane terminal event="pane.spawn.start" subsystem="pane" outcome="started" pane_id=16 rows=60 cols=192 scrollback_limit_bytes=10000000
2026-08-26T00:47:23.741537Z  INFO herdr::logging: pane child spawned event="pane.spawned" subsystem="pane" outcome="ok" pane_id=16 pid=39843
2026-08-26T00:47:23.742010Z  INFO herdr::logging: tab focused event="tab.focus" subsystem="tab" outcome="ok" workspace_id="w8" tab_id="w8:t1"
2026-08-26T00:47:28.752009Z  INFO herdr::logging: session saved event="persist.save" subsystem="persist" outcome="ok" path=/Users/hl1sqi/.config/herdr/session.json workspaces=2
2026-08-26T00:47:37.821935Z  INFO herdr::logging: spawning pane terminal event="pane.spawn.start" subsystem="pane" outcome="started" pane_id=17 rows=60 cols=192 scrollback_limit_bytes=10000000
2026-08-26T00:47:37.827944Z  INFO herdr::logging: pane child spawned event="pane.spawned" subsystem="pane" outcome="ok" pane_id=17 pid=41194
2026-08-26T00:47:37.828264Z  INFO herdr::logging: tab focused event="tab.focus" subsystem="tab" outcome="ok" workspace_id="w8" tab_id="w8:t1"
2026-08-26T00:47:42.838525Z  INFO herdr::logging: session saved event="persist.save" subsystem="persist" outcome="ok" path=/Users/hl1sqi/.config/herdr/session.json workspaces=2
2026-08-26T00:48:24.456998Z  INFO herdr::logging: pane child exited event="pane.exit" subsystem="pane" outcome="completed" pane_id=17 status="ExitStatus { code: 0, signal: None }"
2026-08-26T00:48:24.459145Z  INFO herdr::pane: pane session terminated pane=17 pid=41194 signal=Hangup
2026-08-26T00:48:27.033101Z  INFO herdr::logging: pane child exited event="pane.exit" subsystem="pane" outcome="completed" pane_id=16 status="ExitStatus { code: 0, signal: None }"
2026-08-26T00:48:27.034820Z  INFO herdr::pane: pane session terminated pane=16 pid=39843 signal=Hangup
2026-08-26T00:48:29.890500Z  INFO herdr::logging: pane child exited event="pane.exit" subsystem="pane" outcome="completed" pane_id=15 status="ExitStatus { code: 0, signal: None }"
2026-08-26T00:48:29.892062Z  INFO herdr::pane: pane session terminated pane=15 pid=38246 signal=Hangup
2026-08-26T00:48:34.898923Z  INFO herdr::logging: session saved event="persist.save" subsystem="persist" outcome="ok" path=/Users/hl1sqi/.config/herdr/session.json workspaces=2
2026-08-26T00:48:35.574398Z  INFO herdr::logging: tab focused event="tab.focus" subsystem="tab" outcome="ok" workspace_id="w8" tab_id="w8:t1"
2026-08-26T00:48:36.092647Z  INFO herdr::logging: tab focused event="tab.focus" subsystem="tab" outcome="ok" workspace_id="w8" tab_id="w8:t1"
2026-08-26T00:48:38.705626Z  INFO herdr::logging: spawning pane terminal event="pane.spawn.start" subsystem="pane" outcome="started" pane_id=18 rows=60 cols=85 scrollback_limit_bytes=10000000
2026-08-26T00:48:38.713448Z  INFO herdr::logging: pane child spawned event="pane.spawned" subsystem="pane" outcome="ok" pane_id=18 pid=42876
2026-08-26T00:48:38.713876Z  INFO herdr::logging: tab focused event="tab.focus" subsystem="tab" outcome="ok" workspace_id="w8" tab_id="w8:t1"
2026-08-26T00:48:43.722784Z  INFO herdr::logging: session saved event="persist.save" subsystem="persist" outcome="ok" path=/Users/hl1sqi/.config/herdr/session.json workspaces=2
2026-08-26T00:48:47.734882Z  INFO herdr::logging: pane child exited event="pane.exit" subsystem="pane" outcome="completed" pane_id=18 status="ExitStatus { code: 0, signal: None }"
2026-08-26T00:48:47.736781Z  INFO herdr::pane: pane session terminated pane=18 pid=42876 signal=Hangup
2026-08-26T00:48:48.670055Z  INFO herdr::logging: tab focused event="tab.focus" subsystem="tab" outcome="ok" workspace_id="w8" tab_id="w8:t1"
2026-08-26T00:48:50.525844Z  INFO herdr::logging: pane child exited event="pane.exit" subsystem="pane" outcome="completed" pane_id=2 status="ExitStatus { code: 0, signal: None }"
2026-08-26T00:48:50.527468Z  INFO herdr::pane: pane session terminated pane=2 pid=85336 signal=Hangup
2026-08-26T00:48:52.991310Z  INFO herdr::logging: spawning pane terminal event="pane.spawn.start" subsystem="pane" outcome="started" pane_id=19 rows=60 cols=170 scrollback_limit_bytes=10000000
2026-08-26T00:48:52.998644Z  INFO herdr::logging: pane child spawned event="pane.spawned" subsystem="pane" outcome="ok" pane_id=19 pid=44306
2026-08-26T00:48:52.999059Z  INFO herdr::logging: tab focused event="tab.focus" subsystem="tab" outcome="ok" workspace_id="w8" tab_id="w8:t1"
2026-08-26T00:48:57.090910Z  INFO herdr::logging: pane child exited event="pane.exit" subsystem="pane" outcome="completed" pane_id=19 status="ExitStatus { code: 0, signal: None }"
2026-08-26T00:48:57.092930Z  INFO herdr::pane: pane session terminated pane=19 pid=44306 signal=Hangup
2026-08-26T00:49:02.099980Z  INFO herdr::logging: session saved event="persist.save" subsystem="persist" outcome="ok" path=/Users/hl1sqi/.config/herdr/session.json workspaces=2
2026-08-26T00:49:17.447561Z  INFO herdr::logging: tab focused event="tab.focus" subsystem="tab" outcome="ok" workspace_id="w8" tab_id="w8:t3"
2026-08-26T00:49:22.081354Z  INFO herdr::logging: tab focused event="tab.focus" subsystem="tab" outcome="ok" workspace_id="w8" tab_id="w8:t3"
2026-08-26T00:49:27.090639Z  INFO herdr::logging: session saved event="persist.save" subsystem="persist" outcome="ok" path=/Users/hl1sqi/.config/herdr/session.json workspaces=2
2026-08-26T00:50:19.095966Z  INFO herdr::logging: tab focused event="tab.focus" subsystem="tab" outcome="ok" workspace_id="w8" tab_id="w8:t1"
2026-08-26T00:50:24.104969Z  INFO herdr::logging: session saved event="persist.save" subsystem="persist" outcome="ok" path=/Users/hl1sqi/.config/herdr/session.json workspaces=2
2026-08-26T00:50:46.998275Z  INFO herdr::logging: spawning pane terminal event="pane.spawn.start" subsystem="pane" outcome="started" pane_id=20 rows=60 cols=192 scrollback_limit_bytes=10000000
2026-08-26T00:50:47.005382Z  INFO herdr::logging: pane child spawned event="pane.spawned" subsystem="pane" outcome="ok" pane_id=20 pid=49566
2026-08-26T00:50:47.005748Z  INFO herdr::logging: tab focused event="tab.focus" subsystem="tab" outcome="ok" workspace_id="w8" tab_id="w8:t1"
2026-08-26T00:50:52.015548Z  INFO herdr::logging: session saved event="persist.save" subsystem="persist" outcome="ok" path=/Users/hl1sqi/.config/herdr/session.json workspaces=2
2026-08-26T00:51:02.880577Z  INFO herdr::logging: pane child exited event="pane.exit" subsystem="pane" outcome="completed" pane_id=20 status="ExitStatus { code: 0, signal: None }"
2026-08-26T00:51:02.883048Z  INFO herdr::pane: pane session terminated pane=20 pid=49566 signal=Hangup
2026-08-26T00:51:07.890535Z  INFO herdr::logging: session saved event="persist.save" subsystem="persist" outcome="ok" path=/Users/hl1sqi/.config/herdr/session.json workspaces=2
2026-08-26T00:51:39.637098Z  INFO herdr::logging: api request received event="api.request.start" subsystem="api" outcome="started" request_id="cli:notification:show" method="notification.show" changes_ui=true
2026-08-26T00:51:39.637151Z  INFO herdr::logging: api request completed event="api.request.complete" subsystem="api" outcome="ok" request_id="cli:notification:show" method="notification.show"
2026-08-26T00:51:43.591183Z  INFO herdr::logging: api request received event="api.request.start" subsystem="api" outcome="started" request_id="cli:notification:show" method="notification.show" changes_ui=true
2026-08-26T00:51:43.591237Z  INFO herdr::logging: api request completed event="api.request.complete" subsystem="api" outcome="ok" request_id="cli:notification:show" method="notification.show"
2026-08-26T00:51:54.577488Z  INFO herdr::pane: agent changed pane=1 previous_agent=Some(Claude) agent=None pgid=Some(64794)
2026-08-26T00:52:00.016722Z  INFO herdr::logging: pane child exited event="pane.exit" subsystem="pane" outcome="completed" pane_id=1 status="ExitStatus { code: 0, signal: None }"
2026-08-26T00:52:00.018314Z  INFO herdr::pane: pane session terminated pane=1 pid=64794 signal=Hangup
2026-08-26T00:52:05.022969Z  INFO herdr::logging: session saved event="persist.save" subsystem="persist" outcome="ok" path=/Users/hl1sqi/.config/herdr/session.json workspaces=2
2026-08-26T00:52:06.695208Z  INFO herdr::logging: pane child exited event="pane.exit" subsystem="pane" outcome="completed" pane_id=10 status="ExitStatus { code: 0, signal: None }"
2026-08-26T00:52:06.697158Z  INFO herdr::pane: pane session terminated pane=10 pid=94903 signal=Hangup
2026-08-26T00:52:07.869525Z  INFO herdr::logging: pane child exited event="pane.exit" subsystem="pane" outcome="completed" pane_id=14 status="ExitStatus { code: 0, signal: None }"
2026-08-26T00:52:07.871417Z  INFO herdr::pane: pane session terminated pane=14 pid=33435 signal=Hangup
2026-08-26T00:52:09.484447Z  INFO herdr::logging: pane child exited event="pane.exit" subsystem="pane" outcome="completed" pane_id=6 status="ExitStatus { code: 0, signal: None }"
2026-08-26T00:52:09.486099Z  INFO herdr::pane: pane session terminated pane=6 pid=91391 signal=Hangup
2026-08-26T00:52:12.324488Z  INFO herdr::pane: agent changed pane=5 previous_agent=Some(OpenCode) agent=None pgid=Some(86345)
2026-08-26T00:52:13.064006Z  INFO herdr::logging: pane child exited event="pane.exit" subsystem="pane" outcome="completed" pane_id=5 status="ExitStatus { code: 0, signal: None }"
2026-08-26T00:52:13.065326Z  INFO herdr::pane: pane session terminated pane=5 pid=86345 signal=Hangup
2026-08-26T00:52:14.255657Z  INFO herdr::logging: pane child exited event="pane.exit" subsystem="pane" outcome="completed" pane_id=12 status="ExitStatus { code: 0, signal: None }"
2026-08-26T00:52:14.257319Z  INFO herdr::pane: pane session terminated pane=12 pid=5474 signal=Hangup
2026-08-26T00:52:15.407755Z  INFO herdr::logging: pane child exited event="pane.exit" subsystem="pane" outcome="completed" pane_id=13 status="ExitStatus { code: 0, signal: None }"
2026-08-26T00:52:15.409360Z  INFO herdr::pane: pane session terminated pane=13 pid=5773 signal=Hangup
2026-08-26T00:52:15.409493Z  INFO herdr::logging: spawning pane terminal event="pane.spawn.start" subsystem="pane" outcome="started" pane_id=21 rows=60 cols=170 scrollback_limit_bytes=10000000
2026-08-26T00:52:15.413720Z  INFO herdr::logging: pane child spawned event="pane.spawned" subsystem="pane" outcome="ok" pane_id=21 pid=51395
2026-08-26T00:52:15.413954Z  INFO herdr::logging: workspace created event="workspace.create" subsystem="workspace" outcome="ok" workspace_id="wD" pane_id=21
2026-08-26T00:52:15.413964Z  INFO herdr::logging: workspace focused event="workspace.focus" subsystem="workspace" outcome="ok" workspace_id="wD"
2026-08-26T00:52:15.413985Z  INFO herdr::logging: tab focused event="tab.focus" subsystem="tab" outcome="ok" workspace_id="wD" tab_id="wD:t1"
2026-08-26T00:52:17.083907Z  INFO herdr::logging: pane child exited event="pane.exit" subsystem="pane" outcome="completed" pane_id=21 status="ExitStatus { code: 0, signal: None }"
2026-08-26T00:52:17.084766Z  INFO herdr::pane: pane session terminated pane=21 pid=51395 signal=Hangup
2026-08-26T00:52:17.084845Z  INFO herdr::logging: spawning pane terminal event="pane.spawn.start" subsystem="pane" outcome="started" pane_id=22 rows=60 cols=170 scrollback_limit_bytes=10000000
2026-08-26T00:52:17.087417Z  INFO herdr::logging: pane child spawned event="pane.spawned" subsystem="pane" outcome="ok" pane_id=22 pid=51684
2026-08-26T00:52:17.087543Z  INFO herdr::logging: workspace created event="workspace.create" subsystem="workspace" outcome="ok" workspace_id="wE" pane_id=22
2026-08-26T00:52:17.087549Z  INFO herdr::logging: workspace focused event="workspace.focus" subsystem="workspace" outcome="ok" workspace_id="wE"
2026-08-26T00:52:17.087560Z  INFO herdr::logging: tab focused event="tab.focus" subsystem="tab" outcome="ok" workspace_id="wE" tab_id="wE:t1"
2026-08-26T00:52:21.383809Z  INFO herdr::server::headless: client detach requested via keybind client_id=20
2026-08-26T00:52:21.388471Z  INFO herdr::server::headless: client disconnected client_id=20
2026-08-26T00:52:22.101886Z  INFO herdr::logging: session saved event="persist.save" subsystem="persist" outcome="ok" path=/Users/hl1sqi/.config/herdr/session.json workspaces=1
2026-08-26T00:52:29.155956Z  INFO herdr::server::headless: server shutdown initiated
2026-08-26T00:52:29.211145Z  INFO herdr::server::headless: completing server shutdown
2026-08-26T00:52:29.212723Z  INFO herdr::logging: session saved event="persist.save" subsystem="persist" outcome="ok" path=/Users/hl1sqi/.config/herdr/session.json workspaces=1
2026-08-26T00:52:29.212795Z  INFO herdr::server::headless: headless server exiting
2026-08-26T00:52:29.226915Z  INFO herdr::logging: pane child exited event="pane.exit" subsystem="pane" outcome="completed" pane_id=22 status="ExitStatus { code: 1, signal: None }"
2026-08-26T00:52:29.237552Z  INFO herdr::pane: pane session terminated pane=22 pid=51684 signal=Hangup
2026-08-26T00:52:29.238808Z  INFO herdr::logging: herdr exiting event="app.shutdown" subsystem="server" outcome="completed" pid=64793
2026-08-26T00:52:31.826910Z  INFO herdr::platform::macos: raised server file descriptor soft limit previous=2560 target=8192
2026-08-26T00:52:31.827635Z  INFO herdr::api::server: api server listening path=/Users/hl1sqi/.config/herdr/herdr.sock
2026-08-26T00:52:31.828912Z  INFO herdr::logging: spawning pane terminal event="pane.spawn.start" subsystem="pane" outcome="started" pane_id=1 rows=24 cols=80 scrollback_limit_bytes=10000000
2026-08-26T00:52:31.831738Z  INFO herdr::logging: pane child spawned event="pane.spawned" subsystem="pane" outcome="ok" pane_id=1 pid=52067
2026-08-26T00:52:31.831971Z  INFO herdr::logging: session restore evaluated event="persist.restore" subsystem="persist" outcome="ok" workspaces=1
2026-08-26T00:52:31.832324Z  INFO herdr::app: using pane scrollback configuration pane_scrollback_limit_bytes=10000000
2026-08-26T00:52:31.861607Z  INFO herdr::logging: checking for updates event="update.check.start" subsystem="update" outcome="started"
2026-08-26T00:52:31.866126Z  INFO herdr::server::headless: restored session already has workspaces; ignoring startup cwd cwd=/Users/hl1sqi
2026-08-26T00:52:31.866235Z  INFO herdr::server::headless: client protocol socket listening path=/Users/hl1sqi/.config/herdr/herdr-client.sock
2026-08-26T00:52:31.866253Z  INFO herdr::server::headless: herdr server started api_socket=/Users/hl1sqi/.config/herdr/herdr.sock client_socket=/Users/hl1sqi/.config/herdr/herdr-client.sock
2026-08-26T00:52:31.866450Z  INFO herdr::logging: herdr starting event="app.startup" subsystem="server" outcome="started" pid=52066
2026-08-26T00:52:32.118803Z  INFO herdr::server::headless: client connected client_id=2 cols=196 rows=61 cell_width_px=0 cell_height_px=0 render_encoding=SemanticFrame
2026-08-26T00:52:39.928603Z  INFO herdr::pane: agent changed pane=1 previous_agent=None agent=Some(Claude) process=claude pgid=Some(52807)
2026-08-26T00:52:49.350811Z  INFO herdr::logging: spawning pane terminal event="pane.spawn.start" subsystem="pane" outcome="started" pane_id=2 rows=60 cols=170 scrollback_limit_bytes=10000000
2026-08-26T00:52:49.357187Z  INFO herdr::logging: pane child spawned event="pane.spawned" subsystem="pane" outcome="ok" pane_id=2 pid=52919
2026-08-26T00:52:49.357530Z  INFO herdr::logging: tab focused event="tab.focus" subsystem="tab" outcome="ok" workspace_id="wE" tab_id="wE:t1"
2026-08-26T00:52:54.365787Z  INFO herdr::logging: session saved event="persist.save" subsystem="persist" outcome="ok" path=/Users/hl1sqi/.config/herdr/session.json workspaces=1
2026-08-26T00:52:56.025822Z  INFO herdr::logging: pane child exited event="pane.exit" subsystem="pane" outcome="completed" pane_id=2 status="ExitStatus { code: 0, signal: None }"
2026-08-26T00:52:56.027237Z  INFO herdr::pane: pane session terminated pane=2 pid=52919 signal=Hangup
2026-08-26T00:53:01.033594Z  INFO herdr::logging: session saved event="persist.save" subsystem="persist" outcome="ok" path=/Users/hl1sqi/.config/herdr/session.json workspaces=1
2026-08-26T00:53:10.127062Z  INFO herdr::pane: agent changed pane=1 previous_agent=Some(Claude) agent=None pgid=Some(52067)
2026-08-26T00:58:15.622029Z  INFO herdr::logging: spawning pane terminal event="pane.spawn.start" subsystem="pane" outcome="started" pane_id=3 rows=60 cols=170 scrollback_limit_bytes=10000000
2026-08-26T00:58:15.628961Z  INFO herdr::logging: pane child spawned event="pane.spawned" subsystem="pane" outcome="ok" pane_id=3 pid=59978
2026-08-26T00:58:15.629451Z  INFO herdr::logging: workspace created event="workspace.create" subsystem="workspace" outcome="ok" workspace_id="wF" pane_id=3
2026-08-26T00:58:15.629493Z  INFO herdr::logging: workspace focused event="workspace.focus" subsystem="workspace" outcome="ok" workspace_id="wF"
2026-08-26T00:58:15.629531Z  INFO herdr::logging: tab focused event="tab.focus" subsystem="tab" outcome="ok" workspace_id="wF" tab_id="wF:t1"
2026-08-26T00:58:20.643926Z  INFO herdr::logging: session saved event="persist.save" subsystem="persist" outcome="ok" path=/Users/hl1sqi/.config/herdr/session.json workspaces=2
2026-08-26T00:58:23.724851Z  INFO herdr::pane: agent changed pane=3 previous_agent=None agent=Some(Claude) process=claude pgid=Some(60331)
2026-08-26T00:58:48.090314Z  INFO herdr::logging: spawning pane terminal event="pane.spawn.start" subsystem="pane" outcome="started" pane_id=4 rows=60 cols=170 scrollback_limit_bytes=10000000
2026-08-26T00:58:48.097399Z  INFO herdr::logging: pane child spawned event="pane.spawned" subsystem="pane" outcome="ok" pane_id=4 pid=60476
2026-08-26T00:58:48.097784Z  INFO herdr::logging: tab focused event="tab.focus" subsystem="tab" outcome="ok" workspace_id="wF" tab_id="wF:t1"
2026-08-26T00:58:53.106620Z  INFO herdr::logging: session saved event="persist.save" subsystem="persist" outcome="ok" path=/Users/hl1sqi/.config/herdr/session.json workspaces=2
2026-08-26T00:59:18.225314Z  INFO herdr::logging: pane child exited event="pane.exit" subsystem="pane" outcome="completed" pane_id=4 status="ExitStatus { code: 0, signal: None }"
2026-08-26T00:59:18.227122Z  INFO herdr::pane: pane session terminated pane=4 pid=60476 signal=Hangup
2026-08-26T00:59:21.118733Z  INFO herdr::logging: spawning pane terminal event="pane.spawn.start" subsystem="pane" outcome="started" pane_id=5 rows=60 cols=170 scrollback_limit_bytes=10000000
2026-08-26T00:59:21.123274Z  INFO herdr::logging: pane child spawned event="pane.spawned" subsystem="pane" outcome="ok" pane_id=5 pid=61959
2026-08-26T00:59:21.123545Z  INFO herdr::logging: tab focused event="tab.focus" subsystem="tab" outcome="ok" workspace_id="wF" tab_id="wF:t1"
2026-08-26T00:59:26.132323Z  INFO herdr::logging: session saved event="persist.save" subsystem="persist" outcome="ok" path=/Users/hl1sqi/.config/herdr/session.json workspaces=2
2026-08-26T00:59:33.049784Z  INFO herdr::logging: pane child exited event="pane.exit" subsystem="pane" outcome="completed" pane_id=5 status="ExitStatus { code: 0, signal: None }"
2026-08-26T00:59:33.051596Z  INFO herdr::pane: pane session terminated pane=5 pid=61959 signal=Hangup
2026-08-26T00:59:38.058174Z  INFO herdr::logging: session saved event="persist.save" subsystem="persist" outcome="ok" path=/Users/hl1sqi/.config/herdr/session.json workspaces=2
2026-08-26T00:59:39.298949Z  INFO herdr::logging: workspace focused event="workspace.focus" subsystem="workspace" outcome="ok" workspace_id="wE"
2026-08-26T00:59:39.299027Z  INFO herdr::logging: tab focused event="tab.focus" subsystem="tab" outcome="ok" workspace_id="wE" tab_id="wE:t1"
2026-08-26T00:59:44.309085Z  INFO herdr::logging: session saved event="persist.save" subsystem="persist" outcome="ok" path=/Users/hl1sqi/.config/herdr/session.json workspaces=2
2026-08-26T01:02:53.949932Z  INFO herdr::logging: spawning pane terminal event="pane.spawn.start" subsystem="pane" outcome="started" pane_id=6 rows=60 cols=170 scrollback_limit_bytes=10000000
2026-08-26T01:02:53.957579Z  INFO herdr::logging: pane child spawned event="pane.spawned" subsystem="pane" outcome="ok" pane_id=6 pid=65545
2026-08-26T01:02:53.957952Z  INFO herdr::logging: tab focused event="tab.focus" subsystem="tab" outcome="ok" workspace_id="wE" tab_id="wE:t1"
2026-08-26T01:02:55.188517Z  INFO herdr::logging: tab focused event="tab.focus" subsystem="tab" outcome="ok" workspace_id="wE" tab_id="wE:t1"
2026-08-26T01:02:59.489631Z  INFO herdr::logging: workspace focused event="workspace.focus" subsystem="workspace" outcome="ok" workspace_id="wF"
2026-08-26T01:02:59.489793Z  INFO herdr::logging: tab focused event="tab.focus" subsystem="tab" outcome="ok" workspace_id="wF" tab_id="wF:t1"
2026-08-26T01:03:01.314205Z  INFO herdr::logging: spawning pane terminal event="pane.spawn.start" subsystem="pane" outcome="started" pane_id=7 rows=60 cols=170 scrollback_limit_bytes=10000000
2026-08-26T01:03:01.323624Z  INFO herdr::logging: pane child spawned event="pane.spawned" subsystem="pane" outcome="ok" pane_id=7 pid=65862
2026-08-26T01:03:01.324014Z  INFO herdr::logging: tab focused event="tab.focus" subsystem="tab" outcome="ok" workspace_id="wF" tab_id="wF:t1"
2026-08-26T01:03:02.075951Z  INFO herdr::logging: tab focused event="tab.focus" subsystem="tab" outcome="ok" workspace_id="wF" tab_id="wF:t1"
2026-08-26T01:03:03.993444Z  INFO herdr::logging: spawning pane terminal event="pane.spawn.start" subsystem="pane" outcome="started" pane_id=8 rows=60 cols=85 scrollback_limit_bytes=10000000
2026-08-26T01:03:04.000571Z  INFO herdr::logging: pane child spawned event="pane.spawned" subsystem="pane" outcome="ok" pane_id=8 pid=66151
2026-08-26T01:03:04.001059Z  INFO herdr::logging: tab focused event="tab.focus" subsystem="tab" outcome="ok" workspace_id="wF" tab_id="wF:t1"
2026-08-26T01:03:07.279474Z  INFO herdr::logging: spawning pane terminal event="pane.spawn.start" subsystem="pane" outcome="started" pane_id=9 rows=60 cols=170 scrollback_limit_bytes=10000000
2026-08-26T01:03:07.285167Z  INFO herdr::logging: pane child spawned event="pane.spawned" subsystem="pane" outcome="ok" pane_id=9 pid=67457
2026-08-26T01:03:07.285569Z  INFO herdr::logging: tab focused event="tab.focus" subsystem="tab" outcome="ok" workspace_id="wF" tab_id="wF:t1"
2026-08-26T01:03:12.296554Z  INFO herdr::logging: session saved event="persist.save" subsystem="persist" outcome="ok" path=/Users/hl1sqi/.config/herdr/session.json workspaces=2
2026-08-26T01:03:13.223198Z  INFO herdr::logging: spawning pane terminal event="pane.spawn.start" subsystem="pane" outcome="started" pane_id=10 rows=60 cols=170 scrollback_limit_bytes=10000000
2026-08-26T01:03:13.230105Z  INFO herdr::logging: pane child spawned event="pane.spawned" subsystem="pane" outcome="ok" pane_id=10 pid=68793
2026-08-26T01:03:13.230523Z  INFO herdr::logging: tab focused event="tab.focus" subsystem="tab" outcome="ok" workspace_id="wF" tab_id="wF:t1"
2026-08-26T01:03:18.241216Z  INFO herdr::logging: session saved event="persist.save" subsystem="persist" outcome="ok" path=/Users/hl1sqi/.config/herdr/session.json workspaces=2
2026-08-26T01:03:31.878549Z  INFO herdr::logging: tab focused event="tab.focus" subsystem="tab" outcome="ok" workspace_id="wF" tab_id="wF:t1"
2026-08-26T01:03:31.878877Z  INFO herdr::logging: tab focused event="tab.focus" subsystem="tab" outcome="ok" workspace_id="wF" tab_id="wF:t1"
2026-08-26T01:03:33.296056Z  INFO herdr::logging: tab focused event="tab.focus" subsystem="tab" outcome="ok" workspace_id="wF" tab_id="wF:t1"
2026-08-26T01:03:33.296194Z  INFO herdr::logging: tab focused event="tab.focus" subsystem="tab" outcome="ok" workspace_id="wF" tab_id="wF:t1"
2026-08-26T01:03:34.577068Z  INFO herdr::logging: tab focused event="tab.focus" subsystem="tab" outcome="ok" workspace_id="wF" tab_id="wF:t1"
2026-08-26T01:03:34.577181Z  INFO herdr::logging: tab focused event="tab.focus" subsystem="tab" outcome="ok" workspace_id="wF" tab_id="wF:t1"
2026-08-26T01:03:35.792733Z  INFO herdr::logging: tab focused event="tab.focus" subsystem="tab" outcome="ok" workspace_id="wF" tab_id="wF:t1"
2026-08-26T01:03:35.792856Z  INFO herdr::logging: tab focused event="tab.focus" subsystem="tab" outcome="ok" workspace_id="wF" tab_id="wF:t1"
2026-08-26T01:03:36.198816Z  INFO herdr::logging: tab focused event="tab.focus" subsystem="tab" outcome="ok" workspace_id="wF" tab_id="wF:t1"
2026-08-26T01:03:36.198927Z  INFO herdr::logging: tab focused event="tab.focus" subsystem="tab" outcome="ok" workspace_id="wF" tab_id="wF:t1"
2026-08-26T01:03:36.605405Z  INFO herdr::logging: tab focused event="tab.focus" subsystem="tab" outcome="ok" workspace_id="wF" tab_id="wF:t1"
2026-08-26T01:03:36.605541Z  INFO herdr::logging: tab focused event="tab.focus" subsystem="tab" outcome="ok" workspace_id="wF" tab_id="wF:t1"
2026-08-26T01:03:37.549346Z  INFO herdr::logging: tab focused event="tab.focus" subsystem="tab" outcome="ok" workspace_id="wF" tab_id="wF:t1"
2026-08-26T01:03:37.549462Z  INFO herdr::logging: tab focused event="tab.focus" subsystem="tab" outcome="ok" workspace_id="wF" tab_id="wF:t1"
2026-08-26T01:03:38.066414Z  INFO herdr::logging: tab focused event="tab.focus" subsystem="tab" outcome="ok" workspace_id="wF" tab_id="wF:t1"
2026-08-26T01:03:38.066558Z  INFO herdr::logging: tab focused event="tab.focus" subsystem="tab" outcome="ok" workspace_id="wF" tab_id="wF:t1"
2026-08-26T01:03:38.674167Z  INFO herdr::logging: tab focused event="tab.focus" subsystem="tab" outcome="ok" workspace_id="wF" tab_id="wF:t1"
2026-08-26T01:03:38.674321Z  INFO herdr::logging: tab focused event="tab.focus" subsystem="tab" outcome="ok" workspace_id="wF" tab_id="wF:t1"
2026-08-26T01:03:39.078838Z  INFO herdr::logging: tab focused event="tab.focus" subsystem="tab" outcome="ok" workspace_id="wF" tab_id="wF:t1"
2026-08-26T01:03:39.078960Z  INFO herdr::logging: tab focused event="tab.focus" subsystem="tab" outcome="ok" workspace_id="wF" tab_id="wF:t1"
2026-08-26T01:03:39.531029Z  INFO herdr::logging: tab focused event="tab.focus" subsystem="tab" outcome="ok" workspace_id="wF" tab_id="wF:t1"
2026-08-26T01:03:39.531142Z  INFO herdr::logging: tab focused event="tab.focus" subsystem="tab" outcome="ok" workspace_id="wF" tab_id="wF:t1"
2026-08-26T01:03:40.181747Z  INFO herdr::logging: tab focused event="tab.focus" subsystem="tab" outcome="ok" workspace_id="wF" tab_id="wF:t1"
2026-08-26T01:03:40.181886Z  INFO herdr::logging: tab focused event="tab.focus" subsystem="tab" outcome="ok" workspace_id="wF" tab_id="wF:t1"
2026-08-26T01:03:45.192320Z  INFO herdr::logging: session saved event="persist.save" subsystem="persist" outcome="ok" path=/Users/hl1sqi/.config/herdr/session.json workspaces=2
2026-08-26T01:03:48.293738Z  INFO herdr::logging: pane child exited event="pane.exit" subsystem="pane" outcome="completed" pane_id=10 status="ExitStatus { code: 0, signal: None }"
2026-08-26T01:03:48.295398Z  INFO herdr::pane: pane session terminated pane=10 pid=68793 signal=Hangup
2026-08-26T01:03:49.182660Z  INFO herdr::logging: pane child exited event="pane.exit" subsystem="pane" outcome="completed" pane_id=9 status="ExitStatus { code: 0, signal: None }"
2026-08-26T01:03:49.183543Z  INFO herdr::pane: pane session terminated pane=9 pid=67457 signal=Hangup
2026-08-26T01:03:50.430295Z  INFO herdr::logging: pane child exited event="pane.exit" subsystem="pane" outcome="completed" pane_id=8 status="ExitStatus { code: 0, signal: None }"
2026-08-26T01:03:50.431959Z  INFO herdr::pane: pane session terminated pane=8 pid=66151 signal=Hangup
2026-08-26T01:03:55.439150Z  INFO herdr::logging: session saved event="persist.save" subsystem="persist" outcome="ok" path=/Users/hl1sqi/.config/herdr/session.json workspaces=2
2026-08-26T01:05:56.909691Z  INFO herdr::logging: api request received event="api.request.start" subsystem="api" outcome="started" request_id="cli:notification:show" method="notification.show" changes_ui=true
2026-08-26T01:05:56.909740Z  INFO herdr::logging: api request completed event="api.request.complete" subsystem="api" outcome="ok" request_id="cli:notification:show" method="notification.show"
2026-08-26T01:06:03.004803Z  INFO herdr::logging: api request received event="api.request.start" subsystem="api" outcome="started" request_id="cli:notification:show" method="notification.show" changes_ui=true
2026-08-26T01:06:03.004855Z  INFO herdr::logging: api request completed event="api.request.complete" subsystem="api" outcome="ok" request_id="cli:notification:show" method="notification.show"
2026-08-26T01:06:08.579774Z  INFO herdr::logging: api request received event="api.request.start" subsystem="api" outcome="started" request_id="cli:notification:show" method="notification.show" changes_ui=true
2026-08-26T01:06:08.579827Z  INFO herdr::logging: api request completed event="api.request.complete" subsystem="api" outcome="ok" request_id="cli:notification:show" method="notification.show"
2026-08-26T01:06:13.387280Z  INFO herdr::logging: workspace focused event="workspace.focus" subsystem="workspace" outcome="ok" workspace_id="wE"
2026-08-26T01:06:13.387417Z  INFO herdr::logging: tab focused event="tab.focus" subsystem="tab" outcome="ok" workspace_id="wE" tab_id="wE:t1"
2026-08-26T01:06:18.395901Z  INFO herdr::logging: session saved event="persist.save" subsystem="persist" outcome="ok" path=/Users/hl1sqi/.config/herdr/session.json workspaces=2
2026-08-26T01:06:38.002577Z  INFO herdr::logging: workspace focused event="workspace.focus" subsystem="workspace" outcome="ok" workspace_id="wF"
2026-08-26T01:06:38.002713Z  INFO herdr::logging: tab focused event="tab.focus" subsystem="tab" outcome="ok" workspace_id="wF" tab_id="wF:t1"
2026-08-26T01:06:43.013200Z  INFO herdr::logging: session saved event="persist.save" subsystem="persist" outcome="ok" path=/Users/hl1sqi/.config/herdr/session.json workspaces=2
2026-08-26T01:06:44.803205Z  INFO herdr::logging: api request received event="api.request.start" subsystem="api" outcome="started" request_id="cli:notification:show" method="notification.show" changes_ui=true
2026-08-26T01:06:44.803253Z  INFO herdr::logging: api request completed event="api.request.complete" subsystem="api" outcome="ok" request_id="cli:notification:show" method="notification.show"
2026-08-26T01:06:47.731868Z  INFO herdr::logging: api request received event="api.request.start" subsystem="api" outcome="started" request_id="cli:notification:show" method="notification.show" changes_ui=true
2026-08-26T01:06:47.731916Z  INFO herdr::logging: api request completed event="api.request.complete" subsystem="api" outcome="ok" request_id="cli:notification:show" method="notification.show"
2026-08-26T01:06:49.681529Z  INFO herdr::logging: spawning pane terminal event="pane.spawn.start" subsystem="pane" outcome="started" pane_id=11 rows=60 cols=85 scrollback_limit_bytes=10000000
2026-08-26T01:06:49.690323Z  INFO herdr::logging: pane child spawned event="pane.spawned" subsystem="pane" outcome="ok" pane_id=11 pid=72546
2026-08-26T01:06:49.690753Z  INFO herdr::logging: tab focused event="tab.focus" subsystem="tab" outcome="ok" workspace_id="wF" tab_id="wF:t1"
2026-08-26T01:06:54.699867Z  INFO herdr::logging: session saved event="persist.save" subsystem="persist" outcome="ok" path=/Users/hl1sqi/.config/herdr/session.json workspaces=2
2026-08-26T01:06:55.631100Z  INFO herdr::logging: pane child exited event="pane.exit" subsystem="pane" outcome="completed" pane_id=11 status="ExitStatus { code: 0, signal: None }"
2026-08-26T01:06:55.632874Z  INFO herdr::pane: pane session terminated pane=11 pid=72546 signal=Hangup
2026-08-26T01:07:00.637983Z  INFO herdr::logging: session saved event="persist.save" subsystem="persist" outcome="ok" path=/Users/hl1sqi/.config/herdr/session.json workspaces=2
2026-08-26T01:07:08.555934Z  INFO herdr::logging: workspace focused event="workspace.focus" subsystem="workspace" outcome="ok" workspace_id="wE"
2026-08-26T01:07:08.555998Z  INFO herdr::logging: tab focused event="tab.focus" subsystem="tab" outcome="ok" workspace_id="wE" tab_id="wE:t1"
2026-08-26T01:07:13.565650Z  INFO herdr::logging: session saved event="persist.save" subsystem="persist" outcome="ok" path=/Users/hl1sqi/.config/herdr/session.json workspaces=2
2026-08-26T01:08:36.939600Z  INFO herdr::logging: workspace focused event="workspace.focus" subsystem="workspace" outcome="ok" workspace_id="wF"
2026-08-26T01:08:36.939755Z  INFO herdr::logging: tab focused event="tab.focus" subsystem="tab" outcome="ok" workspace_id="wF" tab_id="wF:t1"
2026-08-26T01:08:41.952287Z  INFO herdr::logging: session saved event="persist.save" subsystem="persist" outcome="ok" path=/Users/hl1sqi/.config/herdr/session.json workspaces=2
2026-08-26T01:08:42.013293Z  INFO herdr::logging: api request received event="api.request.start" subsystem="api" outcome="started" request_id="cli:notification:show" method="notification.show" changes_ui=true
2026-08-26T01:08:42.013341Z  INFO herdr::logging: api request completed event="api.request.complete" subsystem="api" outcome="ok" request_id="cli:notification:show" method="notification.show"
2026-08-26T01:08:49.410548Z  INFO herdr::logging: api request received event="api.request.start" subsystem="api" outcome="started" request_id="cli:notification:show" method="notification.show" changes_ui=true
2026-08-26T01:08:49.410606Z  INFO herdr::logging: api request completed event="api.request.complete" subsystem="api" outcome="ok" request_id="cli:notification:show" method="notification.show"
2026-08-26T01:08:51.182983Z  INFO herdr::logging: spawning pane terminal event="pane.spawn.start" subsystem="pane" outcome="started" pane_id=12 rows=60 cols=85 scrollback_limit_bytes=10000000
2026-08-26T01:08:51.190155Z  INFO herdr::logging: pane child spawned event="pane.spawned" subsystem="pane" outcome="ok" pane_id=12 pid=74414
2026-08-26T01:08:51.190589Z  INFO herdr::logging: tab focused event="tab.focus" subsystem="tab" outcome="ok" workspace_id="wF" tab_id="wF:t1"
2026-08-26T01:08:55.849015Z  INFO herdr::logging: pane child exited event="pane.exit" subsystem="pane" outcome="completed" pane_id=12 status="ExitStatus { code: 0, signal: None }"
2026-08-26T01:08:55.850890Z  INFO herdr::pane: pane session terminated pane=12 pid=74414 signal=Hangup
2026-08-26T01:08:59.236041Z  INFO herdr::logging: tab focused event="tab.focus" subsystem="tab" outcome="ok" workspace_id="wF" tab_id="wF:t1"
2026-08-26T01:09:04.240129Z  INFO herdr::logging: session saved event="persist.save" subsystem="persist" outcome="ok" path=/Users/hl1sqi/.config/herdr/session.json workspaces=2
2026-08-26T01:09:05.942355Z  INFO herdr::logging: workspace focused event="workspace.focus" subsystem="workspace" outcome="ok" workspace_id="wE"
2026-08-26T01:09:05.942511Z  INFO herdr::logging: tab focused event="tab.focus" subsystem="tab" outcome="ok" workspace_id="wE" tab_id="wE:t1"
2026-08-26T01:09:10.952596Z  INFO herdr::logging: session saved event="persist.save" subsystem="persist" outcome="ok" path=/Users/hl1sqi/.config/herdr/session.json workspaces=2
2026-08-26T01:09:39.017237Z  INFO herdr::logging: workspace focused event="workspace.focus" subsystem="workspace" outcome="ok" workspace_id="wF"
2026-08-26T01:09:39.017390Z  INFO herdr::logging: tab focused event="tab.focus" subsystem="tab" outcome="ok" workspace_id="wF" tab_id="wF:t1"
2026-08-26T01:09:41.110911Z  INFO herdr::logging: spawning pane terminal event="pane.spawn.start" subsystem="pane" outcome="started" pane_id=13 rows=60 cols=85 scrollback_limit_bytes=10000000
2026-08-26T01:09:41.116319Z  INFO herdr::logging: pane child spawned event="pane.spawned" subsystem="pane" outcome="ok" pane_id=13 pid=76063
2026-08-26T01:09:41.116567Z  INFO herdr::logging: tab focused event="tab.focus" subsystem="tab" outcome="ok" workspace_id="wF" tab_id="wF:t1"
2026-08-26T01:09:46.124779Z  INFO herdr::logging: session saved event="persist.save" subsystem="persist" outcome="ok" path=/Users/hl1sqi/.config/herdr/session.json workspaces=2
2026-08-26T01:09:48.363270Z  INFO herdr::logging: pane child exited event="pane.exit" subsystem="pane" outcome="completed" pane_id=13 status="ExitStatus { code: 0, signal: None }"
2026-08-26T01:09:48.365008Z  INFO herdr::pane: pane session terminated pane=13 pid=76063 signal=Hangup
2026-08-26T01:09:53.371216Z  INFO herdr::logging: session saved event="persist.save" subsystem="persist" outcome="ok" path=/Users/hl1sqi/.config/herdr/session.json workspaces=2
2026-08-26T01:09:55.664452Z  INFO herdr::pane: agent changed pane=3 previous_agent=Some(Claude) agent=None pgid=Some(59978)
2026-08-26T01:09:56.010705Z  INFO herdr::logging: pane child exited event="pane.exit" subsystem="pane" outcome="completed" pane_id=3 status="ExitStatus { code: 0, signal: None }"
2026-08-26T01:09:56.012064Z  INFO herdr::pane: pane session terminated pane=3 pid=59978 signal=Hangup
2026-08-26T01:09:57.137430Z  INFO herdr::logging: pane child exited event="pane.exit" subsystem="pane" outcome="completed" pane_id=7 status="ExitStatus { code: 0, signal: None }"
2026-08-26T01:09:57.138777Z  INFO herdr::pane: pane session terminated pane=7 pid=65862 signal=Hangup
2026-08-26T01:10:00.941822Z  INFO herdr::logging: pane child exited event="pane.exit" subsystem="pane" outcome="completed" pane_id=1 status="ExitStatus { code: 0, signal: None }"
2026-08-26T01:10:00.943410Z  INFO herdr::pane: pane session terminated pane=1 pid=52067 signal=Hangup
2026-08-26T01:10:01.997896Z  INFO herdr::logging: pane child exited event="pane.exit" subsystem="pane" outcome="completed" pane_id=6 status="ExitStatus { code: 0, signal: None }"
2026-08-26T01:10:01.999460Z  INFO herdr::pane: pane session terminated pane=6 pid=65545 signal=Hangup
2026-08-26T01:10:01.999602Z  INFO herdr::logging: spawning pane terminal event="pane.spawn.start" subsystem="pane" outcome="started" pane_id=14 rows=60 cols=170 scrollback_limit_bytes=10000000
2026-08-26T01:10:02.003963Z  INFO herdr::logging: pane child spawned event="pane.spawned" subsystem="pane" outcome="ok" pane_id=14 pid=77534
2026-08-26T01:10:02.004193Z  INFO herdr::logging: workspace created event="workspace.create" subsystem="workspace" outcome="ok" workspace_id="wG" pane_id=14
2026-08-26T01:10:02.004202Z  INFO herdr::logging: workspace focused event="workspace.focus" subsystem="workspace" outcome="ok" workspace_id="wG"
2026-08-26T01:10:02.004223Z  INFO herdr::logging: tab focused event="tab.focus" subsystem="tab" outcome="ok" workspace_id="wG" tab_id="wG:t1"
2026-08-26T01:10:03.276614Z  INFO herdr::logging: pane child exited event="pane.exit" subsystem="pane" outcome="completed" pane_id=14 status="ExitStatus { code: 0, signal: None }"
2026-08-26T01:10:03.278154Z  INFO herdr::pane: pane session terminated pane=14 pid=77534 signal=Hangup
2026-08-26T01:10:03.278263Z  INFO herdr::logging: spawning pane terminal event="pane.spawn.start" subsystem="pane" outcome="started" pane_id=15 rows=60 cols=170 scrollback_limit_bytes=10000000
2026-08-26T01:10:03.282040Z  INFO herdr::logging: pane child spawned event="pane.spawned" subsystem="pane" outcome="ok" pane_id=15 pid=77834
2026-08-26T01:10:03.282227Z  INFO herdr::logging: workspace created event="workspace.create" subsystem="workspace" outcome="ok" workspace_id="wH" pane_id=15
2026-08-26T01:10:03.282235Z  INFO herdr::logging: workspace focused event="workspace.focus" subsystem="workspace" outcome="ok" workspace_id="wH"
2026-08-26T01:10:03.282252Z  INFO herdr::logging: tab focused event="tab.focus" subsystem="tab" outcome="ok" workspace_id="wH" tab_id="wH:t1"
2026-08-26T01:10:08.290890Z  INFO herdr::logging: session saved event="persist.save" subsystem="persist" outcome="ok" path=/Users/hl1sqi/.config/herdr/session.json workspaces=1
2026-08-26T01:10:08.515581Z  INFO herdr::server::headless: client detach requested via keybind client_id=2
2026-08-26T01:10:08.520282Z  INFO herdr::server::headless: client disconnected client_id=2
2026-08-26T01:10:24.123952Z  INFO herdr::logging: api request received event="api.request.start" subsystem="api" outcome="started" request_id="cli:server:reload-config" method="server.reload_config" changes_ui=true
2026-08-26T01:10:24.124755Z  INFO herdr::logging: api request completed event="api.request.complete" subsystem="api" outcome="ok" request_id="cli:server:reload-config" method="server.reload_config"
2026-08-26T01:10:31.159108Z  INFO herdr::server::headless: client connected client_id=4 cols=196 rows=61 cell_width_px=0 cell_height_px=0 render_encoding=SemanticFrame
2026-08-26T01:10:38.025531Z  INFO herdr::pane: agent changed pane=15 previous_agent=None agent=Some(Claude) process=claude pgid=Some(78350)
2026-08-26T01:10:40.332081Z  INFO herdr::logging: spawning pane terminal event="pane.spawn.start" subsystem="pane" outcome="started" pane_id=16 rows=60 cols=170 scrollback_limit_bytes=10000000
2026-08-26T01:10:40.338945Z  INFO herdr::logging: pane child spawned event="pane.spawned" subsystem="pane" outcome="ok" pane_id=16 pid=78423
2026-08-26T01:10:40.339348Z  INFO herdr::logging: tab focused event="tab.focus" subsystem="tab" outcome="ok" workspace_id="wH" tab_id="wH:t1"
2026-08-26T01:10:45.349366Z  INFO herdr::logging: session saved event="persist.save" subsystem="persist" outcome="ok" path=/Users/hl1sqi/.config/herdr/session.json workspaces=1
2026-08-26T01:10:53.459003Z  INFO herdr::logging: pane child exited event="pane.exit" subsystem="pane" outcome="completed" pane_id=16 status="ExitStatus { code: 0, signal: None }"
2026-08-26T01:10:53.460570Z  INFO herdr::pane: pane session terminated pane=16 pid=78423 signal=Hangup
2026-08-26T01:10:58.467524Z  INFO herdr::logging: session saved event="persist.save" subsystem="persist" outcome="ok" path=/Users/hl1sqi/.config/herdr/session.json workspaces=1
2026-08-26T01:11:23.924793Z  INFO herdr::pane: agent changed pane=15 previous_agent=Some(Claude) agent=None pgid=Some(77834)
2026-08-26T01:12:02.142200Z  INFO herdr::pane: agent changed pane=15 previous_agent=None agent=Some(Claude) process=claude pgid=Some(80212)
2026-08-26T01:12:04.460864Z  INFO herdr::logging: spawning pane terminal event="pane.spawn.start" subsystem="pane" outcome="started" pane_id=17 rows=60 cols=170 scrollback_limit_bytes=10000000
2026-08-26T01:12:04.467538Z  INFO herdr::logging: pane child spawned event="pane.spawned" subsystem="pane" outcome="ok" pane_id=17 pid=80295
2026-08-26T01:12:04.467923Z  INFO herdr::logging: tab focused event="tab.focus" subsystem="tab" outcome="ok" workspace_id="wH" tab_id="wH:t1"
2026-08-26T01:12:09.478146Z  INFO herdr::logging: session saved event="persist.save" subsystem="persist" outcome="ok" path=/Users/hl1sqi/.config/herdr/session.json workspaces=1
2026-08-26T01:12:12.479435Z  INFO herdr::logging: pane child exited event="pane.exit" subsystem="pane" outcome="completed" pane_id=17 status="ExitStatus { code: 0, signal: None }"
2026-08-26T01:12:12.481125Z  INFO herdr::pane: pane session terminated pane=17 pid=80295 signal=Hangup
2026-08-26T01:12:17.488552Z  INFO herdr::logging: session saved event="persist.save" subsystem="persist" outcome="ok" path=/Users/hl1sqi/.config/herdr/session.json workspaces=1
2026-08-26T01:12:22.079372Z  INFO herdr::pane: agent changed pane=15 previous_agent=Some(Claude) agent=None pgid=Some(77834)
2026-08-26T01:14:50.449915Z  INFO herdr::pane: agent changed pane=15 previous_agent=None agent=Some(Claude) process=claude pgid=Some(86415)
2026-08-26T01:14:53.106598Z  INFO herdr::logging: api request received event="api.request.start" subsystem="api" outcome="started" request_id="cli:pane:split" method="pane.split" changes_ui=true
2026-08-26T01:14:53.106951Z  INFO herdr::logging: spawning pane terminal event="pane.spawn.start" subsystem="pane" outcome="started" pane_id=18 rows=60 cols=170 scrollback_limit_bytes=10000000
2026-08-26T01:14:53.113056Z  INFO herdr::logging: pane child spawned event="pane.spawned" subsystem="pane" outcome="ok" pane_id=18 pid=86520
2026-08-26T01:14:53.113309Z  INFO herdr::logging: tab focused event="tab.focus" subsystem="tab" outcome="ok" workspace_id="wH" tab_id="wH:t1"
2026-08-26T01:14:53.115804Z  INFO herdr::logging: api request completed event="api.request.complete" subsystem="api" outcome="ok" request_id="cli:pane:split" method="pane.split"
2026-08-26T01:14:58.123966Z  INFO herdr::logging: session saved event="persist.save" subsystem="persist" outcome="ok" path=/Users/hl1sqi/.config/herdr/session.json workspaces=1
2026-08-26T01:15:19.528741Z  INFO herdr::logging: api request received event="api.request.start" subsystem="api" outcome="started" request_id="cli:notification:show" method="notification.show" changes_ui=true
2026-08-26T01:15:19.528924Z  INFO herdr::logging: api request completed event="api.request.complete" subsystem="api" outcome="ok" request_id="cli:notification:show" method="notification.show"
2026-08-26T01:15:21.722026Z  INFO herdr::logging: tab focused event="tab.focus" subsystem="tab" outcome="ok" workspace_id="wH" tab_id="wH:t1"
2026-08-26T01:15:22.651605Z  INFO herdr::logging: api request received event="api.request.start" subsystem="api" outcome="started" request_id="cli:notification:show" method="notification.show" changes_ui=true
2026-08-26T01:15:22.651655Z  INFO herdr::logging: api request completed event="api.request.complete" subsystem="api" outcome="ok" request_id="cli:notification:show" method="notification.show"
2026-08-26T01:15:26.733137Z  INFO herdr::logging: session saved event="persist.save" subsystem="persist" outcome="ok" path=/Users/hl1sqi/.config/herdr/session.json workspaces=1
2026-08-26T01:15:29.119896Z  INFO herdr::logging: tab focused event="tab.focus" subsystem="tab" outcome="ok" workspace_id="wH" tab_id="wH:t1"
2026-08-26T01:15:34.129793Z  INFO herdr::logging: session saved event="persist.save" subsystem="persist" outcome="ok" path=/Users/hl1sqi/.config/herdr/session.json workspaces=1
2026-08-26T01:18:17.447629Z  INFO herdr::logging: tab focused event="tab.focus" subsystem="tab" outcome="ok" workspace_id="wH" tab_id="wH:t1"
2026-08-26T01:18:22.459281Z  INFO herdr::logging: session saved event="persist.save" subsystem="persist" outcome="ok" path=/Users/hl1sqi/.config/herdr/session.json workspaces=1
2026-08-26T01:21:10.070938Z  INFO herdr::logging: tab focused event="tab.focus" subsystem="tab" outcome="ok" workspace_id="wH" tab_id="wH:t1"
2026-08-26T01:21:12.229498Z  INFO herdr::logging: tab focused event="tab.focus" subsystem="tab" outcome="ok" workspace_id="wH" tab_id="wH:t1"
2026-08-26T01:21:17.239370Z  INFO herdr::logging: session saved event="persist.save" subsystem="persist" outcome="ok" path=/Users/hl1sqi/.config/herdr/session.json workspaces=1
2026-08-26T01:21:57.611863Z  INFO herdr::logging: tab focused event="tab.focus" subsystem="tab" outcome="ok" workspace_id="wH" tab_id="wH:t1"
2026-08-26T01:22:00.335283Z  INFO herdr::logging: tab focused event="tab.focus" subsystem="tab" outcome="ok" workspace_id="wH" tab_id="wH:t1"
2026-08-26T01:22:05.347458Z  INFO herdr::logging: session saved event="persist.save" subsystem="persist" outcome="ok" path=/Users/hl1sqi/.config/herdr/session.json workspaces=1
2026-08-26T01:22:31.932965Z  INFO herdr::logging: checking for updates event="update.check.start" subsystem="update" outcome="started"
2026-08-26T01:23:15.058826Z  INFO herdr::logging: tab focused event="tab.focus" subsystem="tab" outcome="ok" workspace_id="wH" tab_id="wH:t1"
2026-08-26T01:23:18.204204Z  INFO herdr::logging: tab focused event="tab.focus" subsystem="tab" outcome="ok" workspace_id="wH" tab_id="wH:t1"
2026-08-26T01:23:23.213139Z  INFO herdr::logging: session saved event="persist.save" subsystem="persist" outcome="ok" path=/Users/hl1sqi/.config/herdr/session.json workspaces=1
2026-08-26T01:23:27.141138Z  INFO herdr::logging: tab focused event="tab.focus" subsystem="tab" outcome="ok" workspace_id="wH" tab_id="wH:t1"
2026-08-26T01:23:32.151701Z  INFO herdr::logging: session saved event="persist.save" subsystem="persist" outcome="ok" path=/Users/hl1sqi/.config/herdr/session.json workspaces=1
2026-08-26T01:23:38.168472Z  INFO herdr::logging: tab focused event="tab.focus" subsystem="tab" outcome="ok" workspace_id="wH" tab_id="wH:t1"
2026-08-26T01:23:43.179782Z  INFO herdr::logging: session saved event="persist.save" subsystem="persist" outcome="ok" path=/Users/hl1sqi/.config/herdr/session.json workspaces=1
2026-08-26T01:23:54.478131Z  INFO herdr::logging: tab focused event="tab.focus" subsystem="tab" outcome="ok" workspace_id="wH" tab_id="wH:t1"
2026-08-26T01:23:59.487228Z  INFO herdr::logging: session saved event="persist.save" subsystem="persist" outcome="ok" path=/Users/hl1sqi/.config/herdr/session.json workspaces=1
2026-08-26T01:24:57.614896Z  INFO herdr::logging: tab focused event="tab.focus" subsystem="tab" outcome="ok" workspace_id="wH" tab_id="wH:t1"
2026-08-26T01:25:02.626680Z  INFO herdr::logging: session saved event="persist.save" subsystem="persist" outcome="ok" path=/Users/hl1sqi/.config/herdr/session.json workspaces=1
2026-08-26T01:26:24.071482Z  INFO herdr::logging: spawning pane terminal event="pane.spawn.start" subsystem="pane" outcome="started" pane_id=19 rows=60 cols=85 scrollback_limit_bytes=10000000
2026-08-26T01:26:24.078862Z  INFO herdr::logging: pane child spawned event="pane.spawned" subsystem="pane" outcome="ok" pane_id=19 pid=91018
2026-08-26T01:26:24.079460Z  INFO herdr::logging: workspace created event="workspace.create" subsystem="workspace" outcome="ok" workspace_id="wJ" pane_id=19
2026-08-26T01:26:24.079507Z  INFO herdr::logging: workspace focused event="workspace.focus" subsystem="workspace" outcome="ok" workspace_id="wJ"
2026-08-26T01:26:24.079559Z  INFO herdr::logging: tab focused event="tab.focus" subsystem="tab" outcome="ok" workspace_id="wJ" tab_id="wJ:t1"
2026-08-26T01:26:29.097249Z  INFO herdr::logging: session saved event="persist.save" subsystem="persist" outcome="ok" path=/Users/hl1sqi/.config/herdr/session.json workspaces=2
2026-08-26T01:26:59.026180Z  INFO herdr::logging: workspace focused event="workspace.focus" subsystem="workspace" outcome="ok" workspace_id="wH"
2026-08-26T01:26:59.027327Z  INFO herdr::logging: tab focused event="tab.focus" subsystem="tab" outcome="ok" workspace_id="wH" tab_id="wH:t1"
2026-08-26T01:27:04.037140Z  INFO herdr::logging: session saved event="persist.save" subsystem="persist" outcome="ok" path=/Users/hl1sqi/.config/herdr/session.json workspaces=2
2026-08-26T01:27:14.011033Z  INFO herdr::logging: tab focused event="tab.focus" subsystem="tab" outcome="ok" workspace_id="wH" tab_id="wH:t1"
2026-08-26T01:27:15.069716Z  INFO herdr::logging: tab focused event="tab.focus" subsystem="tab" outcome="ok" workspace_id="wH" tab_id="wH:t1"
2026-08-26T01:27:18.455812Z  INFO herdr::logging: api request received event="api.request.start" subsystem="api" outcome="started" request_id="cli:plugin" method="plugin.pane.open" changes_ui=true
2026-08-26T01:27:18.457084Z  INFO herdr::logging: spawning pane terminal event="pane.spawn.start" subsystem="pane" outcome="started" pane_id=20 rows=18 cols=77 scrollback_limit_bytes=10000000
2026-08-26T01:27:18.459631Z  INFO herdr::logging: pane child spawned event="pane.spawned" subsystem="pane" outcome="ok" pane_id=20 pid=93063
2026-08-26T01:27:18.459741Z  INFO herdr::logging: api request completed event="api.request.complete" subsystem="api" outcome="ok" request_id="cli:plugin" method="plugin.pane.open"
2026-08-26T01:27:20.080847Z  INFO herdr::logging: session saved event="persist.save" subsystem="persist" outcome="ok" path=/Users/hl1sqi/.config/herdr/session.json workspaces=2
2026-08-26T01:27:30.755949Z  INFO herdr::logging: pane child exited event="pane.exit" subsystem="pane" outcome="completed" pane_id=20 status="ExitStatus { code: 0, signal: None }"
2026-08-26T01:27:30.758352Z  INFO herdr::pane: pane session terminated pane=20 pid=93063 signal=Hangup
2026-08-26T01:27:32.607111Z  INFO herdr::logging: api request received event="api.request.start" subsystem="api" outcome="started" request_id="cli:plugin" method="plugin.pane.open" changes_ui=true
2026-08-26T01:27:32.608215Z  INFO herdr::logging: spawning pane terminal event="pane.spawn.start" subsystem="pane" outcome="started" pane_id=21 rows=18 cols=77 scrollback_limit_bytes=10000000
2026-08-26T01:27:32.610399Z  INFO herdr::logging: pane child spawned event="pane.spawned" subsystem="pane" outcome="ok" pane_id=21 pid=93152
2026-08-26T01:27:32.610521Z  INFO herdr::logging: api request completed event="api.request.complete" subsystem="api" outcome="ok" request_id="cli:plugin" method="plugin.pane.open"
2026-08-26T01:27:54.651227Z  INFO herdr::logging: pane child exited event="pane.exit" subsystem="pane" outcome="completed" pane_id=21 status="ExitStatus { code: 0, signal: None }"
2026-08-26T01:27:54.651708Z  INFO herdr::pane: pane session terminated pane=21 pid=93152 signal=Hangup
2026-08-26T01:27:54.701070Z  INFO herdr::logging: api request received event="api.request.start" subsystem="api" outcome="started" request_id="cli:agent:focus" method="agent.focus" changes_ui=true
2026-08-26T01:27:54.701146Z  INFO herdr::logging: api request completed event="api.request.complete" subsystem="api" outcome="error" request_id="cli:agent:focus" method="agent.focus"
2026-08-26T01:27:56.538870Z  INFO herdr::logging: tab focused event="tab.focus" subsystem="tab" outcome="ok" workspace_id="wH" tab_id="wH:t1"
2026-08-26T01:28:01.550846Z  INFO herdr::logging: session saved event="persist.save" subsystem="persist" outcome="ok" path=/Users/hl1sqi/.config/herdr/session.json workspaces=2
2026-08-26T01:28:04.929546Z  INFO herdr::logging: tab focused event="tab.focus" subsystem="tab" outcome="ok" workspace_id="wH" tab_id="wH:t1"
2026-08-26T01:28:07.035950Z  INFO herdr::logging: api request received event="api.request.start" subsystem="api" outcome="started" request_id="cli:plugin" method="plugin.pane.open" changes_ui=true
2026-08-26T01:28:07.037092Z  INFO herdr::logging: spawning pane terminal event="pane.spawn.start" subsystem="pane" outcome="started" pane_id=22 rows=18 cols=77 scrollback_limit_bytes=10000000
2026-08-26T01:28:07.039411Z  INFO herdr::logging: pane child spawned event="pane.spawned" subsystem="pane" outcome="ok" pane_id=22 pid=93394
2026-08-26T01:28:07.039517Z  INFO herdr::logging: api request completed event="api.request.complete" subsystem="api" outcome="ok" request_id="cli:plugin" method="plugin.pane.open"
2026-08-26T01:28:09.940085Z  INFO herdr::logging: session saved event="persist.save" subsystem="persist" outcome="ok" path=/Users/hl1sqi/.config/herdr/session.json workspaces=2
2026-08-26T01:28:24.982171Z  INFO herdr::logging: pane child exited event="pane.exit" subsystem="pane" outcome="completed" pane_id=22 status="ExitStatus { code: 0, signal: None }"
2026-08-26T01:28:24.984505Z  INFO herdr::pane: pane session terminated pane=22 pid=93394 signal=Hangup
2026-08-26T01:28:26.169531Z  INFO herdr::logging: tab focused event="tab.focus" subsystem="tab" outcome="ok" workspace_id="wH" tab_id="wH:t1"
2026-08-26T01:28:31.180923Z  INFO herdr::logging: session saved event="persist.save" subsystem="persist" outcome="ok" path=/Users/hl1sqi/.config/herdr/session.json workspaces=2
2026-08-26T01:30:10.974846Z  INFO herdr::logging: tab focused event="tab.focus" subsystem="tab" outcome="ok" workspace_id="wH" tab_id="wH:t1"
2026-08-26T01:30:15.985811Z  INFO herdr::logging: session saved event="persist.save" subsystem="persist" outcome="ok" path=/Users/hl1sqi/.config/herdr/session.json workspaces=2
2026-08-26T01:31:03.469858Z  INFO herdr::logging: tab focused event="tab.focus" subsystem="tab" outcome="ok" workspace_id="wH" tab_id="wH:t1"
2026-08-26T01:31:07.790162Z  INFO herdr::logging: tab focused event="tab.focus" subsystem="tab" outcome="ok" workspace_id="wH" tab_id="wH:t1"
2026-08-26T01:31:12.800043Z  INFO herdr::logging: session saved event="persist.save" subsystem="persist" outcome="ok" path=/Users/hl1sqi/.config/herdr/session.json workspaces=2
2026-08-26T01:31:25.258036Z  INFO herdr::logging: api request received event="api.request.start" subsystem="api" outcome="started" request_id="cli:notification:show" method="notification.show" changes_ui=true
2026-08-26T01:31:25.258089Z  INFO herdr::logging: api request completed event="api.request.complete" subsystem="api" outcome="ok" request_id="cli:notification:show" method="notification.show"
2026-08-26T01:31:26.901131Z  INFO herdr::logging: api request received event="api.request.start" subsystem="api" outcome="started" request_id="cli:notification:show" method="notification.show" changes_ui=true
2026-08-26T01:31:26.901183Z  INFO herdr::logging: api request completed event="api.request.complete" subsystem="api" outcome="ok" request_id="cli:notification:show" method="notification.show"
2026-08-26T01:31:32.505547Z  INFO herdr::logging: api request received event="api.request.start" subsystem="api" outcome="started" request_id="cli:notification:show" method="notification.show" changes_ui=true
2026-08-26T01:31:32.505595Z  INFO herdr::logging: api request completed event="api.request.complete" subsystem="api" outcome="ok" request_id="cli:notification:show" method="notification.show"
2026-08-26T01:31:41.574923Z  INFO herdr::logging: api request received event="api.request.start" subsystem="api" outcome="started" request_id="cli:notification:show" method="notification.show" changes_ui=true
2026-08-26T01:31:41.574976Z  INFO herdr::logging: api request completed event="api.request.complete" subsystem="api" outcome="ok" request_id="cli:notification:show" method="notification.show"
2026-08-26T01:31:46.087313Z  INFO herdr::logging: tab focused event="tab.focus" subsystem="tab" outcome="ok" workspace_id="wH" tab_id="wH:t1"
2026-08-26T01:31:46.997747Z  INFO herdr::logging: api request received event="api.request.start" subsystem="api" outcome="started" request_id="cli:notification:show" method="notification.show" changes_ui=true
2026-08-26T01:31:46.997796Z  INFO herdr::logging: api request completed event="api.request.complete" subsystem="api" outcome="ok" request_id="cli:notification:show" method="notification.show"
2026-08-26T01:31:51.098370Z  INFO herdr::logging: session saved event="persist.save" subsystem="persist" outcome="ok" path=/Users/hl1sqi/.config/herdr/session.json workspaces=2
2026-08-26T01:31:52.209942Z  INFO herdr::logging: pane child exited event="pane.exit" subsystem="pane" outcome="completed" pane_id=18 status="ExitStatus { code: 0, signal: None }"
2026-08-26T01:31:52.211762Z  INFO herdr::pane: pane session terminated pane=18 pid=86520 signal=Hangup
2026-08-26T01:31:54.386668Z  INFO herdr::logging: api request received event="api.request.start" subsystem="api" outcome="started" request_id="cli:pane:split" method="pane.split" changes_ui=true
2026-08-26T01:31:54.386768Z  INFO herdr::logging: spawning pane terminal event="pane.spawn.start" subsystem="pane" outcome="started" pane_id=23 rows=60 cols=170 scrollback_limit_bytes=10000000
2026-08-26T01:31:54.389037Z  INFO herdr::logging: pane child spawned event="pane.spawned" subsystem="pane" outcome="ok" pane_id=23 pid=94823
2026-08-26T01:31:54.389135Z  INFO herdr::logging: tab focused event="tab.focus" subsystem="tab" outcome="ok" workspace_id="wH" tab_id="wH:t1"
2026-08-26T01:31:54.390226Z  INFO herdr::logging: api request completed event="api.request.complete" subsystem="api" outcome="ok" request_id="cli:pane:split" method="pane.split"
2026-08-26T01:31:59.396026Z  INFO herdr::logging: session saved event="persist.save" subsystem="persist" outcome="ok" path=/Users/hl1sqi/.config/herdr/session.json workspaces=2
2026-08-26T01:31:59.662631Z  INFO herdr::logging: api request received event="api.request.start" subsystem="api" outcome="started" request_id="cli:notification:show" method="notification.show" changes_ui=true
2026-08-26T01:31:59.662682Z  INFO herdr::logging: api request completed event="api.request.complete" subsystem="api" outcome="ok" request_id="cli:notification:show" method="notification.show"
2026-08-26T01:32:03.884072Z  INFO herdr::logging: api request received event="api.request.start" subsystem="api" outcome="started" request_id="cli:notification:show" method="notification.show" changes_ui=true
2026-08-26T01:32:03.884121Z  INFO herdr::logging: api request completed event="api.request.complete" subsystem="api" outcome="ok" request_id="cli:notification:show" method="notification.show"
2026-08-26T01:32:05.008915Z  INFO herdr::logging: tab focused event="tab.focus" subsystem="tab" outcome="ok" workspace_id="wH" tab_id="wH:t1"
2026-08-26T01:32:09.564242Z  INFO herdr::logging: api request received event="api.request.start" subsystem="api" outcome="started" request_id="cli:notification:show" method="notification.show" changes_ui=true
2026-08-26T01:32:09.564290Z  INFO herdr::logging: api request completed event="api.request.complete" subsystem="api" outcome="ok" request_id="cli:notification:show" method="notification.show"
2026-08-26T01:32:10.018879Z  INFO herdr::logging: session saved event="persist.save" subsystem="persist" outcome="ok" path=/Users/hl1sqi/.config/herdr/session.json workspaces=2
2026-08-26T01:32:45.473185Z  INFO herdr::logging: api request received event="api.request.start" subsystem="api" outcome="started" request_id="cli:notification:show" method="notification.show" changes_ui=true
2026-08-26T01:32:45.473237Z  INFO herdr::logging: api request completed event="api.request.complete" subsystem="api" outcome="ok" request_id="cli:notification:show" method="notification.show"
2026-08-26T01:32:47.016515Z  INFO herdr::logging: tab focused event="tab.focus" subsystem="tab" outcome="ok" workspace_id="wH" tab_id="wH:t1"
2026-08-26T01:32:52.028001Z  INFO herdr::logging: session saved event="persist.save" subsystem="persist" outcome="ok" path=/Users/hl1sqi/.config/herdr/session.json workspaces=2
2026-08-26T01:32:55.520227Z  INFO herdr::logging: tab focused event="tab.focus" subsystem="tab" outcome="ok" workspace_id="wH" tab_id="wH:t1"
2026-08-26T01:32:56.407621Z  INFO herdr::logging: api request received event="api.request.start" subsystem="api" outcome="started" request_id="cli:notification:show" method="notification.show" changes_ui=true
2026-08-26T01:32:56.407667Z  INFO herdr::logging: api request completed event="api.request.complete" subsystem="api" outcome="ok" request_id="cli:notification:show" method="notification.show"
2026-08-26T01:33:00.526478Z  INFO herdr::logging: session saved event="persist.save" subsystem="persist" outcome="ok" path=/Users/hl1sqi/.config/herdr/session.json workspaces=2
2026-08-26T01:33:02.632224Z  INFO herdr::logging: tab focused event="tab.focus" subsystem="tab" outcome="ok" workspace_id="wH" tab_id="wH:t1"
2026-08-26T01:33:03.842976Z  INFO herdr::logging: pane child exited event="pane.exit" subsystem="pane" outcome="completed" pane_id=23 status="ExitStatus { code: 0, signal: None }"
2026-08-26T01:33:03.846747Z  INFO herdr::pane: pane session terminated pane=23 pid=94823 signal=Hangup
2026-08-26T01:33:06.099724Z  INFO herdr::logging: api request received event="api.request.start" subsystem="api" outcome="started" request_id="cli:pane:split" method="pane.split" changes_ui=true
2026-08-26T01:33:06.099836Z  INFO herdr::logging: spawning pane terminal event="pane.spawn.start" subsystem="pane" outcome="started" pane_id=24 rows=60 cols=170 scrollback_limit_bytes=10000000
2026-08-26T01:33:06.102944Z  INFO herdr::logging: pane child spawned event="pane.spawned" subsystem="pane" outcome="ok" pane_id=24 pid=95793
2026-08-26T01:33:06.103063Z  INFO herdr::logging: tab focused event="tab.focus" subsystem="tab" outcome="ok" workspace_id="wH" tab_id="wH:t1"
2026-08-26T01:33:06.104332Z  INFO herdr::logging: api request completed event="api.request.complete" subsystem="api" outcome="ok" request_id="cli:pane:split" method="pane.split"
2026-08-26T01:33:11.110979Z  INFO herdr::logging: session saved event="persist.save" subsystem="persist" outcome="ok" path=/Users/hl1sqi/.config/herdr/session.json workspaces=2
2026-08-26T01:33:13.094059Z  INFO herdr::logging: tab focused event="tab.focus" subsystem="tab" outcome="ok" workspace_id="wH" tab_id="wH:t1"
2026-08-26T01:33:14.129771Z  INFO herdr::logging: tab focused event="tab.focus" subsystem="tab" outcome="ok" workspace_id="wH" tab_id="wH:t1"
2026-08-26T01:33:14.534845Z  INFO herdr::logging: tab focused event="tab.focus" subsystem="tab" outcome="ok" workspace_id="wH" tab_id="wH:t1"
2026-08-26T01:33:15.274576Z  INFO herdr::logging: tab focused event="tab.focus" subsystem="tab" outcome="ok" workspace_id="wH" tab_id="wH:t1"
2026-08-26T01:33:20.284562Z  INFO herdr::logging: session saved event="persist.save" subsystem="persist" outcome="ok" path=/Users/hl1sqi/.config/herdr/session.json workspaces=2
2026-08-26T01:33:52.897455Z  INFO herdr::logging: tab focused event="tab.focus" subsystem="tab" outcome="ok" workspace_id="wH" tab_id="wH:t1"
2026-08-26T01:33:55.795447Z  INFO herdr::logging: api request received event="api.request.start" subsystem="api" outcome="started" request_id="cli:pane:close" method="pane.close" changes_ui=true
2026-08-26T01:33:55.796758Z  INFO herdr::logging: pane child exited event="pane.exit" subsystem="pane" outcome="completed" pane_id=24 status="ExitStatus { code: 1, signal: None }"
2026-08-26T01:33:55.817546Z  INFO herdr::pane: pane session terminated pane=24 pid=95793 signal=Hangup
2026-08-26T01:33:55.819105Z  WARN herdr::app::actions: PaneDied for unknown pane pane=24
2026-08-26T01:33:55.819106Z  INFO herdr::logging: api request completed event="api.request.complete" subsystem="api" outcome="ok" request_id="cli:pane:close" method="pane.close"
2026-08-26T01:33:59.610082Z  INFO herdr::logging: api request received event="api.request.start" subsystem="api" outcome="started" request_id="cli:pane:split" method="pane.split" changes_ui=true
2026-08-26T01:33:59.610208Z  INFO herdr::logging: spawning pane terminal event="pane.spawn.start" subsystem="pane" outcome="started" pane_id=25 rows=60 cols=170 scrollback_limit_bytes=10000000
2026-08-26T01:33:59.612764Z  INFO herdr::logging: pane child spawned event="pane.spawned" subsystem="pane" outcome="ok" pane_id=25 pid=96391
2026-08-26T01:33:59.612904Z  INFO herdr::logging: tab focused event="tab.focus" subsystem="tab" outcome="ok" workspace_id="wH" tab_id="wH:t1"
2026-08-26T01:33:59.614210Z  INFO herdr::logging: api request completed event="api.request.complete" subsystem="api" outcome="ok" request_id="cli:pane:split" method="pane.split"
2026-08-26T01:34:02.657536Z  INFO herdr::logging: api request received event="api.request.start" subsystem="api" outcome="started" request_id="cli:pane:close" method="pane.close" changes_ui=true
2026-08-26T01:34:02.658751Z  INFO herdr::logging: pane child exited event="pane.exit" subsystem="pane" outcome="completed" pane_id=25 status="ExitStatus { code: 1, signal: None }"
2026-08-26T01:34:02.682798Z  INFO herdr::pane: pane session terminated pane=25 pid=96391 signal=Hangup
2026-08-26T01:34:02.684481Z  WARN herdr::app::actions: PaneDied for unknown pane pane=25
2026-08-26T01:34:02.684490Z  INFO herdr::logging: api request completed event="api.request.complete" subsystem="api" outcome="ok" request_id="cli:pane:close" method="pane.close"
2026-08-26T01:34:04.346313Z  INFO herdr::logging: api request received event="api.request.start" subsystem="api" outcome="started" request_id="cli:pane:split" method="pane.split" changes_ui=true
2026-08-26T01:34:04.346426Z  INFO herdr::logging: spawning pane terminal event="pane.spawn.start" subsystem="pane" outcome="started" pane_id=26 rows=60 cols=170 scrollback_limit_bytes=10000000
2026-08-26T01:34:04.349063Z  INFO herdr::logging: pane child spawned event="pane.spawned" subsystem="pane" outcome="ok" pane_id=26 pid=96803
2026-08-26T01:34:04.349163Z  INFO herdr::logging: tab focused event="tab.focus" subsystem="tab" outcome="ok" workspace_id="wH" tab_id="wH:t1"
2026-08-26T01:34:04.350300Z  INFO herdr::logging: api request completed event="api.request.complete" subsystem="api" outcome="ok" request_id="cli:pane:split" method="pane.split"
2026-08-26T01:34:07.896058Z  INFO herdr::logging: pane child exited event="pane.exit" subsystem="pane" outcome="completed" pane_id=26 status="ExitStatus { code: 0, signal: None }"
2026-08-26T01:34:07.898364Z  INFO herdr::pane: pane session terminated pane=26 pid=96803 signal=Hangup
2026-08-26T01:34:12.907836Z  INFO herdr::logging: session saved event="persist.save" subsystem="persist" outcome="ok" path=/Users/hl1sqi/.config/herdr/session.json workspaces=2
2026-08-26T01:34:18.551551Z  INFO herdr::pane: agent changed pane=15 previous_agent=Some(Claude) agent=None pgid=Some(77834)
2026-08-26T01:34:24.586035Z  INFO herdr::pane: agent changed pane=15 previous_agent=None agent=Some(Claude) process=claude pgid=Some(97166)
2026-08-26T01:35:26.250951Z  INFO herdr::logging: workspace focused event="workspace.focus" subsystem="workspace" outcome="ok" workspace_id="wJ"
2026-08-26T01:35:26.252044Z  INFO herdr::logging: tab focused event="tab.focus" subsystem="tab" outcome="ok" workspace_id="wJ" tab_id="wJ:t1"
2026-08-26T01:35:31.261666Z  INFO herdr::logging: session saved event="persist.save" subsystem="persist" outcome="ok" path=/Users/hl1sqi/.config/herdr/session.json workspaces=2
2026-08-26T01:37:24.755720Z  INFO herdr::pane: agent changed pane=19 previous_agent=None agent=Some(Claude) process=claude pgid=Some(99428)
2026-08-26T01:37:36.840036Z  INFO herdr::pane: agent changed pane=19 previous_agent=Some(Claude) agent=None pgid=Some(91018)
2026-08-26T01:37:37.845602Z  INFO herdr::pane: agent changed pane=19 previous_agent=None agent=Some(Claude) process=claude pgid=Some(99556)
2026-08-26T01:52:31.974550Z  INFO herdr::logging: checking for updates event="update.check.start" subsystem="update" outcome="started"
2026-08-26T02:22:31.864954Z  INFO herdr::logging: checking for updates event="update.check.start" subsystem="update" outcome="started"
2026-08-26T02:52:31.789217Z  INFO herdr::logging: checking for updates event="update.check.start" subsystem="update" outcome="started"
2026-08-26T03:22:31.912367Z  INFO herdr::logging: checking for updates event="update.check.start" subsystem="update" outcome="started"
2026-08-26T03:52:31.963005Z  INFO herdr::logging: checking for updates event="update.check.start" subsystem="update" outcome="started"
2026-08-26T03:54:49.251307Z  INFO herdr::pane: agent changed pane=19 previous_agent=Some(Claude) agent=None pgid=Some(91018)
2026-08-26T03:54:50.850991Z  INFO herdr::logging: pane child exited event="pane.exit" subsystem="pane" outcome="completed" pane_id=19 status="ExitStatus { code: 0, signal: None }"
2026-08-26T03:54:50.852320Z  INFO herdr::pane: pane session terminated pane=19 pid=91018 signal=Hangup
2026-08-26T03:54:54.090517Z  INFO herdr::pane: agent changed pane=15 previous_agent=Some(Claude) agent=None pgid=Some(77834)
2026-08-26T03:54:54.812009Z  INFO herdr::logging: pane child exited event="pane.exit" subsystem="pane" outcome="completed" pane_id=15 status="ExitStatus { code: 0, signal: None }"
2026-08-26T03:54:54.813671Z  INFO herdr::pane: pane session terminated pane=15 pid=77834 signal=Hangup
2026-08-26T03:54:54.813838Z  INFO herdr::logging: spawning pane terminal event="pane.spawn.start" subsystem="pane" outcome="started" pane_id=27 rows=60 cols=170 scrollback_limit_bytes=10000000
2026-08-26T03:54:54.818306Z  INFO herdr::logging: pane child spawned event="pane.spawned" subsystem="pane" outcome="ok" pane_id=27 pid=29067
2026-08-26T03:54:54.818582Z  INFO herdr::logging: workspace created event="workspace.create" subsystem="workspace" outcome="ok" workspace_id="wK" pane_id=27
2026-08-26T03:54:54.818590Z  INFO herdr::logging: workspace focused event="workspace.focus" subsystem="workspace" outcome="ok" workspace_id="wK"
2026-08-26T03:54:54.818610Z  INFO herdr::logging: tab focused event="tab.focus" subsystem="tab" outcome="ok" workspace_id="wK" tab_id="wK:t1"
2026-08-26T03:54:57.259306Z  INFO herdr::logging: pane child exited event="pane.exit" subsystem="pane" outcome="completed" pane_id=27 status="ExitStatus { code: 0, signal: None }"
2026-08-26T03:54:57.260867Z  INFO herdr::pane: pane session terminated pane=27 pid=29067 signal=Hangup
2026-08-26T03:54:57.260989Z  INFO herdr::logging: spawning pane terminal event="pane.spawn.start" subsystem="pane" outcome="started" pane_id=28 rows=60 cols=170 scrollback_limit_bytes=10000000
2026-08-26T03:54:57.265320Z  INFO herdr::logging: pane child spawned event="pane.spawned" subsystem="pane" outcome="ok" pane_id=28 pid=29372
2026-08-26T03:54:57.265571Z  INFO herdr::logging: workspace created event="workspace.create" subsystem="workspace" outcome="ok" workspace_id="wM" pane_id=28
2026-08-26T03:54:57.265581Z  INFO herdr::logging: workspace focused event="workspace.focus" subsystem="workspace" outcome="ok" workspace_id="wM"
2026-08-26T03:54:57.265604Z  INFO herdr::logging: tab focused event="tab.focus" subsystem="tab" outcome="ok" workspace_id="wM" tab_id="wM:t1"
2026-08-26T03:55:00.360155Z  INFO herdr::server::headless: client detach requested via keybind client_id=4
2026-08-26T03:55:00.365191Z  INFO herdr::server::headless: client disconnected client_id=4
2026-08-26T03:55:02.274619Z  INFO herdr::logging: session saved event="persist.save" subsystem="persist" outcome="ok" path=/Users/hl1sqi/.config/herdr/session.json workspaces=1
2026-08-26T04:08:33.682861Z  INFO herdr::server::headless: client connected client_id=6 cols=132 rows=32 cell_width_px=0 cell_height_px=0 render_encoding=SemanticFrame
2026-08-26T04:08:40.225728Z  INFO herdr::logging: spawning pane terminal event="pane.spawn.start" subsystem="pane" outcome="started" pane_id=29 rows=31 cols=106 scrollback_limit_bytes=10000000
2026-08-26T04:08:40.233878Z  INFO herdr::logging: pane child spawned event="pane.spawned" subsystem="pane" outcome="ok" pane_id=29 pid=44356
2026-08-26T04:08:40.234253Z  INFO herdr::logging: tab focused event="tab.focus" subsystem="tab" outcome="ok" workspace_id="wM" tab_id="wM:t1"
2026-08-26T04:08:42.959014Z  INFO herdr::logging: pane child exited event="pane.exit" subsystem="pane" outcome="completed" pane_id=29 status="ExitStatus { code: 0, signal: None }"
2026-08-26T04:08:42.960994Z  INFO herdr::pane: pane session terminated pane=29 pid=44356 signal=Hangup
2026-08-26T04:08:47.968536Z  INFO herdr::logging: session saved event="persist.save" subsystem="persist" outcome="ok" path=/Users/hl1sqi/.config/herdr/session.json workspaces=1
2026-08-26T04:08:55.700841Z  INFO herdr::pane: agent changed pane=28 previous_agent=None agent=Some(Claude) process=claude pgid=Some(44763)
2026-08-26T04:09:01.015083Z  INFO herdr::logging: spawning pane terminal event="pane.spawn.start" subsystem="pane" outcome="started" pane_id=30 rows=31 cols=106 scrollback_limit_bytes=10000000
2026-08-26T04:09:01.022503Z  INFO herdr::logging: pane child spawned event="pane.spawned" subsystem="pane" outcome="ok" pane_id=30 pid=44841
2026-08-26T04:09:01.023286Z  INFO herdr::logging: workspace created event="workspace.create" subsystem="workspace" outcome="ok" workspace_id="wN" pane_id=30
2026-08-26T04:09:01.023331Z  INFO herdr::logging: workspace focused event="workspace.focus" subsystem="workspace" outcome="ok" workspace_id="wN"
2026-08-26T04:09:01.023383Z  INFO herdr::logging: tab focused event="tab.focus" subsystem="tab" outcome="ok" workspace_id="wN" tab_id="wN:t1"
2026-08-26T04:09:06.041025Z  INFO herdr::logging: session saved event="persist.save" subsystem="persist" outcome="ok" path=/Users/hl1sqi/.config/herdr/session.json workspaces=2
2026-08-26T04:09:14.134417Z  INFO herdr::pane: agent changed pane=30 previous_agent=None agent=Some(Claude) process=claude pgid=Some(45253)
2026-08-26T04:09:22.693086Z  INFO herdr::logging: api request received event="api.request.start" subsystem="api" outcome="started" request_id="cli:pane:split" method="pane.split" changes_ui=true
2026-08-26T04:09:22.693360Z  INFO herdr::logging: spawning pane terminal event="pane.spawn.start" subsystem="pane" outcome="started" pane_id=31 rows=31 cols=106 scrollback_limit_bytes=10000000
2026-08-26T04:09:22.695674Z  INFO herdr::logging: pane child spawned event="pane.spawned" subsystem="pane" outcome="ok" pane_id=31 pid=45376
2026-08-26T04:09:22.695786Z  INFO herdr::logging: tab focused event="tab.focus" subsystem="tab" outcome="ok" workspace_id="wN" tab_id="wN:t1"
2026-08-26T04:09:22.696814Z  INFO herdr::logging: api request completed event="api.request.complete" subsystem="api" outcome="ok" request_id="cli:pane:split" method="pane.split"
2026-08-26T04:09:27.702532Z  INFO herdr::logging: session saved event="persist.save" subsystem="persist" outcome="ok" path=/Users/hl1sqi/.config/herdr/session.json workspaces=2
2026-08-26T04:09:30.569047Z  INFO herdr::server::headless: client resize client_id=6 cols=132 rows=33 cell_width_px=0 cell_height_px=0
2026-08-26T04:09:30.779322Z  INFO herdr::server::headless: client resize client_id=6 cols=294 rows=77 cell_width_px=0 cell_height_px=0
2026-08-26T04:09:42.386070Z  INFO herdr::logging: pane child exited event="pane.exit" subsystem="pane" outcome="completed" pane_id=31 status="ExitStatus { code: 0, signal: None }"
2026-08-26T04:09:42.388077Z  INFO herdr::pane: pane session terminated pane=31 pid=45376 signal=Hangup
2026-08-26T04:09:45.405726Z  INFO herdr::logging: api request received event="api.request.start" subsystem="api" outcome="started" request_id="cli:pane:split" method="pane.split" changes_ui=true
2026-08-26T04:09:45.405867Z  INFO herdr::logging: spawning pane terminal event="pane.spawn.start" subsystem="pane" outcome="started" pane_id=32 rows=76 cols=268 scrollback_limit_bytes=10000000
2026-08-26T04:09:45.408758Z  INFO herdr::logging: pane child spawned event="pane.spawned" subsystem="pane" outcome="ok" pane_id=32 pid=45852
2026-08-26T04:09:45.408881Z  INFO herdr::logging: tab focused event="tab.focus" subsystem="tab" outcome="ok" workspace_id="wN" tab_id="wN:t1"
2026-08-26T04:09:45.410138Z  INFO herdr::logging: api request completed event="api.request.complete" subsystem="api" outcome="ok" request_id="cli:pane:split" method="pane.split"
2026-08-26T04:09:49.363410Z  INFO herdr::logging: pane child exited event="pane.exit" subsystem="pane" outcome="completed" pane_id=32 status="ExitStatus { code: 0, signal: None }"
2026-08-26T04:09:49.366245Z  INFO herdr::pane: pane session terminated pane=32 pid=45852 signal=Hangup
2026-08-26T04:09:50.417209Z  INFO herdr::logging: api request received event="api.request.start" subsystem="api" outcome="started" request_id="cli:pane:split" method="pane.split" changes_ui=true
2026-08-26T04:09:50.417330Z  INFO herdr::logging: spawning pane terminal event="pane.spawn.start" subsystem="pane" outcome="started" pane_id=33 rows=76 cols=268 scrollback_limit_bytes=10000000
2026-08-26T04:09:50.420305Z  INFO herdr::logging: pane child spawned event="pane.spawned" subsystem="pane" outcome="ok" pane_id=33 pid=46248
2026-08-26T04:09:50.420429Z  INFO herdr::logging: tab focused event="tab.focus" subsystem="tab" outcome="ok" workspace_id="wN" tab_id="wN:t1"
2026-08-26T04:09:50.421842Z  INFO herdr::logging: api request completed event="api.request.complete" subsystem="api" outcome="ok" request_id="cli:pane:split" method="pane.split"
2026-08-26T04:09:52.749913Z  INFO herdr::logging: api request received event="api.request.start" subsystem="api" outcome="started" request_id="cli:pane:close" method="pane.close" changes_ui=true
2026-08-26T04:09:52.751329Z  INFO herdr::logging: pane child exited event="pane.exit" subsystem="pane" outcome="completed" pane_id=33 status="ExitStatus { code: 1, signal: None }"
2026-08-26T04:09:52.775192Z  INFO herdr::pane: pane session terminated pane=33 pid=46248 signal=Hangup
2026-08-26T04:09:52.776934Z  WARN herdr::app::actions: PaneDied for unknown pane pane=33
2026-08-26T04:09:52.776938Z  INFO herdr::logging: api request completed event="api.request.complete" subsystem="api" outcome="ok" request_id="cli:pane:close" method="pane.close"
2026-08-26T04:09:53.804027Z  INFO herdr::logging: api request received event="api.request.start" subsystem="api" outcome="started" request_id="cli:pane:split" method="pane.split" changes_ui=true
2026-08-26T04:09:53.804169Z  INFO herdr::logging: spawning pane terminal event="pane.spawn.start" subsystem="pane" outcome="started" pane_id=34 rows=76 cols=268 scrollback_limit_bytes=10000000
2026-08-26T04:09:53.806573Z  INFO herdr::logging: pane child spawned event="pane.spawned" subsystem="pane" outcome="ok" pane_id=34 pid=46669
2026-08-26T04:09:53.806695Z  INFO herdr::logging: tab focused event="tab.focus" subsystem="tab" outcome="ok" workspace_id="wN" tab_id="wN:t1"
2026-08-26T04:09:53.807744Z  INFO herdr::logging: api request completed event="api.request.complete" subsystem="api" outcome="ok" request_id="cli:pane:split" method="pane.split"
2026-08-26T04:09:55.786096Z  INFO herdr::logging: api request received event="api.request.start" subsystem="api" outcome="started" request_id="cli:pane:close" method="pane.close" changes_ui=true
2026-08-26T04:09:55.787439Z  INFO herdr::logging: pane child exited event="pane.exit" subsystem="pane" outcome="completed" pane_id=34 status="ExitStatus { code: 1, signal: None }"
2026-08-26T04:09:55.809381Z  INFO herdr::pane: pane session terminated pane=34 pid=46669 signal=Hangup
2026-08-26T04:09:55.811053Z  WARN herdr::app::actions: PaneDied for unknown pane pane=34
2026-08-26T04:09:55.811061Z  INFO herdr::logging: api request completed event="api.request.complete" subsystem="api" outcome="ok" request_id="cli:pane:close" method="pane.close"
2026-08-26T04:09:58.673818Z  INFO herdr::logging: api request received event="api.request.start" subsystem="api" outcome="started" request_id="cli:pane:split" method="pane.split" changes_ui=true
2026-08-26T04:09:58.674003Z  INFO herdr::logging: spawning pane terminal event="pane.spawn.start" subsystem="pane" outcome="started" pane_id=35 rows=76 cols=268 scrollback_limit_bytes=10000000
2026-08-26T04:09:58.678325Z  INFO herdr::logging: pane child spawned event="pane.spawned" subsystem="pane" outcome="ok" pane_id=35 pid=47081
2026-08-26T04:09:58.678490Z  INFO herdr::logging: tab focused event="tab.focus" subsystem="tab" outcome="ok" workspace_id="wN" tab_id="wN:t1"
2026-08-26T04:09:58.680072Z  INFO herdr::logging: api request completed event="api.request.complete" subsystem="api" outcome="ok" request_id="cli:pane:split" method="pane.split"
2026-08-26T04:10:01.003861Z  INFO herdr::logging: api request received event="api.request.start" subsystem="api" outcome="started" request_id="cli:pane:close" method="pane.close" changes_ui=true
2026-08-26T04:10:01.005135Z  INFO herdr::logging: pane child exited event="pane.exit" subsystem="pane" outcome="completed" pane_id=35 status="ExitStatus { code: 1, signal: None }"
2026-08-26T04:10:01.029137Z  INFO herdr::pane: pane session terminated pane=35 pid=47081 signal=Hangup
2026-08-26T04:10:01.030856Z  WARN herdr::app::actions: PaneDied for unknown pane pane=35
2026-08-26T04:10:01.030861Z  INFO herdr::logging: api request completed event="api.request.complete" subsystem="api" outcome="ok" request_id="cli:pane:close" method="pane.close"
2026-08-26T04:10:01.864201Z  INFO herdr::logging: api request received event="api.request.start" subsystem="api" outcome="started" request_id="cli:pane:split" method="pane.split" changes_ui=true
2026-08-26T04:10:01.864367Z  INFO herdr::logging: spawning pane terminal event="pane.spawn.start" subsystem="pane" outcome="started" pane_id=36 rows=76 cols=268 scrollback_limit_bytes=10000000
2026-08-26T04:10:01.868476Z  INFO herdr::logging: pane child spawned event="pane.spawned" subsystem="pane" outcome="ok" pane_id=36 pid=47489
2026-08-26T04:10:01.868687Z  INFO herdr::logging: tab focused event="tab.focus" subsystem="tab" outcome="ok" workspace_id="wN" tab_id="wN:t1"
2026-08-26T04:10:01.870266Z  INFO herdr::logging: api request completed event="api.request.complete" subsystem="api" outcome="ok" request_id="cli:pane:split" method="pane.split"
2026-08-26T04:10:03.663941Z  INFO herdr::logging: api request received event="api.request.start" subsystem="api" outcome="started" request_id="cli:pane:close" method="pane.close" changes_ui=true
2026-08-26T04:10:03.665216Z  INFO herdr::logging: pane child exited event="pane.exit" subsystem="pane" outcome="completed" pane_id=36 status="ExitStatus { code: 1, signal: None }"
2026-08-26T04:10:03.689215Z  INFO herdr::pane: pane session terminated pane=36 pid=47489 signal=Hangup
2026-08-26T04:10:03.691120Z  WARN herdr::app::actions: PaneDied for unknown pane pane=36
2026-08-26T04:10:03.691128Z  INFO herdr::logging: api request completed event="api.request.complete" subsystem="api" outcome="ok" request_id="cli:pane:close" method="pane.close"
2026-08-26T04:10:04.854856Z  INFO herdr::logging: api request received event="api.request.start" subsystem="api" outcome="started" request_id="cli:pane:split" method="pane.split" changes_ui=true
2026-08-26T04:10:04.854981Z  INFO herdr::logging: spawning pane terminal event="pane.spawn.start" subsystem="pane" outcome="started" pane_id=37 rows=76 cols=268 scrollback_limit_bytes=10000000
2026-08-26T04:10:04.858293Z  INFO herdr::logging: pane child spawned event="pane.spawned" subsystem="pane" outcome="ok" pane_id=37 pid=47906
2026-08-26T04:10:04.858427Z  INFO herdr::logging: tab focused event="tab.focus" subsystem="tab" outcome="ok" workspace_id="wN" tab_id="wN:t1"
2026-08-26T04:10:04.859938Z  INFO herdr::logging: api request completed event="api.request.complete" subsystem="api" outcome="ok" request_id="cli:pane:split" method="pane.split"
2026-08-26T04:10:06.923540Z  INFO herdr::logging: api request received event="api.request.start" subsystem="api" outcome="started" request_id="cli:pane:close" method="pane.close" changes_ui=true
2026-08-26T04:10:06.924816Z  INFO herdr::logging: pane child exited event="pane.exit" subsystem="pane" outcome="completed" pane_id=37 status="ExitStatus { code: 1, signal: None }"
2026-08-26T04:10:06.948854Z  INFO herdr::pane: pane session terminated pane=37 pid=47906 signal=Hangup
2026-08-26T04:10:06.950746Z  WARN herdr::app::actions: PaneDied for unknown pane pane=37
2026-08-26T04:10:06.950758Z  INFO herdr::logging: api request completed event="api.request.complete" subsystem="api" outcome="ok" request_id="cli:pane:close" method="pane.close"
2026-08-26T04:10:08.144509Z  INFO herdr::logging: api request received event="api.request.start" subsystem="api" outcome="started" request_id="cli:pane:split" method="pane.split" changes_ui=true
2026-08-26T04:10:08.144679Z  INFO herdr::logging: spawning pane terminal event="pane.spawn.start" subsystem="pane" outcome="started" pane_id=38 rows=76 cols=268 scrollback_limit_bytes=10000000
2026-08-26T04:10:08.148742Z  INFO herdr::logging: pane child spawned event="pane.spawned" subsystem="pane" outcome="ok" pane_id=38 pid=48309
2026-08-26T04:10:08.148966Z  INFO herdr::logging: tab focused event="tab.focus" subsystem="tab" outcome="ok" workspace_id="wN" tab_id="wN:t1"
2026-08-26T04:10:08.150559Z  INFO herdr::logging: api request completed event="api.request.complete" subsystem="api" outcome="ok" request_id="cli:pane:split" method="pane.split"
2026-08-26T04:10:10.029677Z  INFO herdr::logging: api request received event="api.request.start" subsystem="api" outcome="started" request_id="cli:pane:close" method="pane.close" changes_ui=true
2026-08-26T04:10:10.030998Z  INFO herdr::logging: pane child exited event="pane.exit" subsystem="pane" outcome="completed" pane_id=38 status="ExitStatus { code: 1, signal: None }"
2026-08-26T04:10:10.054960Z  INFO herdr::pane: pane session terminated pane=38 pid=48309 signal=Hangup
2026-08-26T04:10:10.056659Z  WARN herdr::app::actions: PaneDied for unknown pane pane=38
2026-08-26T04:10:10.056668Z  INFO herdr::logging: api request completed event="api.request.complete" subsystem="api" outcome="ok" request_id="cli:pane:close" method="pane.close"
2026-08-26T04:10:10.843447Z  INFO herdr::logging: api request received event="api.request.start" subsystem="api" outcome="started" request_id="cli:pane:split" method="pane.split" changes_ui=true
2026-08-26T04:10:10.843630Z  INFO herdr::logging: spawning pane terminal event="pane.spawn.start" subsystem="pane" outcome="started" pane_id=39 rows=76 cols=268 scrollback_limit_bytes=10000000
2026-08-26T04:10:10.847779Z  INFO herdr::logging: pane child spawned event="pane.spawned" subsystem="pane" outcome="ok" pane_id=39 pid=48717
2026-08-26T04:10:10.848000Z  INFO herdr::logging: tab focused event="tab.focus" subsystem="tab" outcome="ok" workspace_id="wN" tab_id="wN:t1"
2026-08-26T04:10:10.849663Z  INFO herdr::logging: api request completed event="api.request.complete" subsystem="api" outcome="ok" request_id="cli:pane:split" method="pane.split"
2026-08-26T04:10:12.546204Z  INFO herdr::logging: api request received event="api.request.start" subsystem="api" outcome="started" request_id="cli:pane:close" method="pane.close" changes_ui=true
2026-08-26T04:10:12.547549Z  INFO herdr::logging: pane child exited event="pane.exit" subsystem="pane" outcome="completed" pane_id=39 status="ExitStatus { code: 1, signal: None }"
2026-08-26T04:10:12.571486Z  INFO herdr::pane: pane session terminated pane=39 pid=48717 signal=Hangup
2026-08-26T04:10:12.573396Z  WARN herdr::app::actions: PaneDied for unknown pane pane=39
2026-08-26T04:10:12.573408Z  INFO herdr::logging: api request completed event="api.request.complete" subsystem="api" outcome="ok" request_id="cli:pane:close" method="pane.close"
2026-08-26T04:10:13.231396Z  INFO herdr::logging: api request received event="api.request.start" subsystem="api" outcome="started" request_id="cli:pane:split" method="pane.split" changes_ui=true
2026-08-26T04:10:13.231559Z  INFO herdr::logging: spawning pane terminal event="pane.spawn.start" subsystem="pane" outcome="started" pane_id=40 rows=76 cols=268 scrollback_limit_bytes=10000000
2026-08-26T04:10:13.235815Z  INFO herdr::logging: pane child spawned event="pane.spawned" subsystem="pane" outcome="ok" pane_id=40 pid=49117
2026-08-26T04:10:13.236020Z  INFO herdr::logging: tab focused event="tab.focus" subsystem="tab" outcome="ok" workspace_id="wN" tab_id="wN:t1"
2026-08-26T04:10:13.237571Z  INFO herdr::logging: api request completed event="api.request.complete" subsystem="api" outcome="ok" request_id="cli:pane:split" method="pane.split"
2026-08-26T04:10:14.987362Z  INFO herdr::logging: api request received event="api.request.start" subsystem="api" outcome="started" request_id="cli:pane:close" method="pane.close" changes_ui=true
2026-08-26T04:10:14.988255Z  INFO herdr::logging: pane child exited event="pane.exit" subsystem="pane" outcome="completed" pane_id=40 status="ExitStatus { code: 1, signal: None }"
2026-08-26T04:10:15.012544Z  INFO herdr::pane: pane session terminated pane=40 pid=49117 signal=Hangup
2026-08-26T04:10:15.014312Z  WARN herdr::app::actions: PaneDied for unknown pane pane=40
2026-08-26T04:10:15.014331Z  INFO herdr::logging: api request completed event="api.request.complete" subsystem="api" outcome="ok" request_id="cli:pane:close" method="pane.close"
2026-08-26T04:10:15.734590Z  INFO herdr::logging: api request received event="api.request.start" subsystem="api" outcome="started" request_id="cli:pane:split" method="pane.split" changes_ui=true
2026-08-26T04:10:15.734694Z  INFO herdr::logging: spawning pane terminal event="pane.spawn.start" subsystem="pane" outcome="started" pane_id=41 rows=76 cols=268 scrollback_limit_bytes=10000000
2026-08-26T04:10:15.737265Z  INFO herdr::logging: pane child spawned event="pane.spawned" subsystem="pane" outcome="ok" pane_id=41 pid=49531
2026-08-26T04:10:15.737378Z  INFO herdr::logging: tab focused event="tab.focus" subsystem="tab" outcome="ok" workspace_id="wN" tab_id="wN:t1"
2026-08-26T04:10:15.738380Z  INFO herdr::logging: api request completed event="api.request.complete" subsystem="api" outcome="ok" request_id="cli:pane:split" method="pane.split"
2026-08-26T04:10:20.744584Z  INFO herdr::logging: session saved event="persist.save" subsystem="persist" outcome="ok" path=/Users/hl1sqi/.config/herdr/session.json workspaces=2
2026-08-26T04:10:32.801252Z  INFO herdr::logging: tab focused event="tab.focus" subsystem="tab" outcome="ok" workspace_id="wN" tab_id="wN:t1"
2026-08-26T04:10:34.144093Z  INFO herdr::logging: tab focused event="tab.focus" subsystem="tab" outcome="ok" workspace_id="wN" tab_id="wN:t1"
2026-08-26T04:10:39.158186Z  INFO herdr::logging: session saved event="persist.save" subsystem="persist" outcome="ok" path=/Users/hl1sqi/.config/herdr/session.json workspaces=2
2026-08-26T04:11:02.674217Z  INFO herdr::logging: tab focused event="tab.focus" subsystem="tab" outcome="ok" workspace_id="wN" tab_id="wN:t1"
2026-08-26T04:11:07.681363Z  INFO herdr::logging: session saved event="persist.save" subsystem="persist" outcome="ok" path=/Users/hl1sqi/.config/herdr/session.json workspaces=2
2026-08-26T04:11:09.651923Z  INFO herdr::logging: workspace focused event="workspace.focus" subsystem="workspace" outcome="ok" workspace_id="wM"
2026-08-26T04:11:09.652976Z  INFO herdr::logging: tab focused event="tab.focus" subsystem="tab" outcome="ok" workspace_id="wM" tab_id="wM:t1"
2026-08-26T04:11:11.416032Z  INFO herdr::logging: api request received event="api.request.start" subsystem="api" outcome="started" request_id="cli:pane:split" method="pane.split" changes_ui=true
2026-08-26T04:11:11.416222Z  INFO herdr::logging: spawning pane terminal event="pane.spawn.start" subsystem="pane" outcome="started" pane_id=42 rows=76 cols=268 scrollback_limit_bytes=10000000
2026-08-26T04:11:11.419972Z  INFO herdr::logging: pane child spawned event="pane.spawned" subsystem="pane" outcome="ok" pane_id=42 pid=50374
2026-08-26T04:11:11.420125Z  INFO herdr::logging: tab focused event="tab.focus" subsystem="tab" outcome="ok" workspace_id="wM" tab_id="wM:t1"
2026-08-26T04:11:11.421762Z  INFO herdr::logging: api request completed event="api.request.complete" subsystem="api" outcome="ok" request_id="cli:pane:split" method="pane.split"
2026-08-26T04:11:16.427727Z  INFO herdr::logging: session saved event="persist.save" subsystem="persist" outcome="ok" path=/Users/hl1sqi/.config/herdr/session.json workspaces=2
2026-08-26T04:11:36.373665Z  INFO herdr::logging: tab focused event="tab.focus" subsystem="tab" outcome="ok" workspace_id="wM" tab_id="wM:t1"
2026-08-26T04:11:37.666086Z  INFO herdr::logging: tab focused event="tab.focus" subsystem="tab" outcome="ok" workspace_id="wM" tab_id="wM:t1"
2026-08-26T04:11:42.678472Z  INFO herdr::logging: session saved event="persist.save" subsystem="persist" outcome="ok" path=/Users/hl1sqi/.config/herdr/session.json workspaces=2
2026-08-26T04:12:05.840110Z  INFO herdr::logging: session saved event="persist.save" subsystem="persist" outcome="ok" path=/Users/hl1sqi/.config/herdr/session.json workspaces=2
2026-08-26T04:12:52.885146Z  INFO herdr::logging: tab focused event="tab.focus" subsystem="tab" outcome="ok" workspace_id="wM" tab_id="wM:t1"
2026-08-26T04:12:57.901159Z  INFO herdr::logging: session saved event="persist.save" subsystem="persist" outcome="ok" path=/Users/hl1sqi/.config/herdr/session.json workspaces=2
2026-08-26T04:13:04.642997Z  INFO herdr::server::headless: client resize client_id=6 cols=294 rows=75 cell_width_px=0 cell_height_px=0
2026-08-26T04:13:10.775164Z  INFO herdr::server::headless: client resize client_id=6 cols=294 rows=77 cell_width_px=0 cell_height_px=0
2026-08-26T04:13:15.453005Z  INFO herdr::logging: tab focused event="tab.focus" subsystem="tab" outcome="ok" workspace_id="wM" tab_id="wM:t1"
2026-08-26T04:13:15.946779Z  INFO herdr::logging: tab focused event="tab.focus" subsystem="tab" outcome="ok" workspace_id="wM" tab_id="wM:t1"
2026-08-26T04:13:20.963097Z  INFO herdr::logging: session saved event="persist.save" subsystem="persist" outcome="ok" path=/Users/hl1sqi/.config/herdr/session.json workspaces=2
2026-08-26T04:13:45.852569Z  INFO herdr::server::headless: client connected client_id=8 cols=196 rows=61 cell_width_px=0 cell_height_px=0 render_encoding=SemanticFrame
2026-08-26T04:13:50.617653Z  INFO herdr::logging: tab focused event="tab.focus" subsystem="tab" outcome="ok" workspace_id="wM" tab_id="wM:t1"
2026-08-26T04:13:55.629476Z  INFO herdr::logging: session saved event="persist.save" subsystem="persist" outcome="ok" path=/Users/hl1sqi/.config/herdr/session.json workspaces=2
2026-08-26T04:13:56.787528Z  INFO herdr::logging: pane child exited event="pane.exit" subsystem="pane" outcome="completed" pane_id=42 status="ExitStatus { code: 0, signal: None }"
2026-08-26T04:13:56.789608Z  INFO herdr::pane: pane session terminated pane=42 pid=50374 signal=Hangup
2026-08-26T04:13:59.054300Z  INFO herdr::server::headless: client detach requested via keybind client_id=8
2026-08-26T04:13:59.059333Z  INFO herdr::server::headless: client disconnected client_id=8
2026-08-26T04:14:01.798156Z  INFO herdr::logging: session saved event="persist.save" subsystem="persist" outcome="ok" path=/Users/hl1sqi/.config/herdr/session.json workspaces=2
2026-08-26T04:14:16.809181Z  INFO herdr::logging: workspace focused event="workspace.focus" subsystem="workspace" outcome="ok" workspace_id="wN"
2026-08-26T04:14:16.809338Z  INFO herdr::logging: tab focused event="tab.focus" subsystem="tab" outcome="ok" workspace_id="wN" tab_id="wN:t1"
2026-08-26T04:14:21.822839Z  INFO herdr::logging: session saved event="persist.save" subsystem="persist" outcome="ok" path=/Users/hl1sqi/.config/herdr/session.json workspaces=2
2026-08-26T04:14:25.967542Z  INFO herdr::logging: workspace focused event="workspace.focus" subsystem="workspace" outcome="ok" workspace_id="wM"
2026-08-26T04:14:25.967705Z  INFO herdr::logging: tab focused event="tab.focus" subsystem="tab" outcome="ok" workspace_id="wM" tab_id="wM:t1"
2026-08-26T04:14:29.610615Z  INFO herdr::logging: spawning pane terminal event="pane.spawn.start" subsystem="pane" outcome="started" pane_id=43 rows=76 cols=268 scrollback_limit_bytes=10000000
2026-08-26T04:14:29.621577Z  INFO herdr::logging: pane child spawned event="pane.spawned" subsystem="pane" outcome="ok" pane_id=43 pid=52053
2026-08-26T04:14:29.621978Z  INFO herdr::logging: tab focused event="tab.focus" subsystem="tab" outcome="ok" workspace_id="wM" tab_id="wM:t1"
2026-08-26T04:14:30.734734Z  INFO herdr::logging: tab focused event="tab.focus" subsystem="tab" outcome="ok" workspace_id="wM" tab_id="wM:t1"
2026-08-26T04:14:32.172350Z  INFO herdr::logging: api request received event="api.request.start" subsystem="api" outcome="started" request_id="cli:tab:create" method="tab.create" changes_ui=true
2026-08-26T04:14:32.172451Z  INFO herdr::logging: spawning pane terminal event="pane.spawn.start" subsystem="pane" outcome="started" pane_id=44 rows=76 cols=134 scrollback_limit_bytes=10000000
2026-08-26T04:14:32.175208Z  INFO herdr::logging: pane child spawned event="pane.spawned" subsystem="pane" outcome="ok" pane_id=44 pid=52436
2026-08-26T04:14:32.177485Z  INFO herdr::logging: api request completed event="api.request.complete" subsystem="api" outcome="ok" request_id="cli:tab:create" method="tab.create"
2026-08-26T04:14:32.182663Z  INFO herdr::logging: api request received event="api.request.start" subsystem="api" outcome="started" request_id="cli:pane:move" method="pane.move" changes_ui=true
2026-08-26T04:14:32.183740Z  INFO herdr::logging: api request completed event="api.request.complete" subsystem="api" outcome="ok" request_id="cli:pane:move" method="pane.move"
2026-08-26T04:14:32.187577Z  INFO herdr::logging: api request received event="api.request.start" subsystem="api" outcome="started" request_id="cli:pane:split" method="pane.split" changes_ui=true
2026-08-26T04:14:32.187656Z  INFO herdr::logging: spawning pane terminal event="pane.spawn.start" subsystem="pane" outcome="started" pane_id=45 rows=76 cols=134 scrollback_limit_bytes=10000000
2026-08-26T04:14:32.190012Z  INFO herdr::logging: pane child spawned event="pane.spawned" subsystem="pane" outcome="ok" pane_id=45 pid=52455
2026-08-26T04:14:32.190117Z  INFO herdr::logging: tab focused event="tab.focus" subsystem="tab" outcome="ok" workspace_id="wM" tab_id="wM:t1"
2026-08-26T04:14:32.191161Z  INFO herdr::logging: api request completed event="api.request.complete" subsystem="api" outcome="ok" request_id="cli:pane:split" method="pane.split"
2026-08-26T04:14:32.201763Z  INFO herdr::logging: api request received event="api.request.start" subsystem="api" outcome="started" request_id="cli:pane:move" method="pane.move" changes_ui=true
2026-08-26T04:14:32.202666Z  INFO herdr::logging: api request completed event="api.request.complete" subsystem="api" outcome="ok" request_id="cli:pane:move" method="pane.move"
2026-08-26T04:14:32.206019Z  INFO herdr::logging: api request received event="api.request.start" subsystem="api" outcome="started" request_id="cli:pane:close" method="pane.close" changes_ui=true
2026-08-26T04:14:32.206549Z  INFO herdr::logging: pane child exited event="pane.exit" subsystem="pane" outcome="completed" pane_id=44 status="ExitStatus { code: 1, signal: None }"
2026-08-26T04:14:32.227692Z  INFO herdr::pane: pane session terminated pane=44 pid=52436 signal=Hangup
2026-08-26T04:14:32.228505Z  WARN herdr::app::actions: PaneDied for unknown pane pane=44
2026-08-26T04:14:32.228518Z  INFO herdr::logging: api request completed event="api.request.complete" subsystem="api" outcome="ok" request_id="cli:pane:close" method="pane.close"
2026-08-26T04:14:34.541462Z  INFO herdr::logging: tab focused event="tab.focus" subsystem="tab" outcome="ok" workspace_id="wM" tab_id="wM:t1"
2026-08-26T04:14:36.667769Z  INFO herdr::logging: pane child exited event="pane.exit" subsystem="pane" outcome="completed" pane_id=43 status="ExitStatus { code: 0, signal: None }"
2026-08-26T04:14:36.669530Z  INFO herdr::pane: pane session terminated pane=43 pid=52053 signal=Hangup
2026-08-26T04:14:41.677300Z  INFO herdr::logging: session saved event="persist.save" subsystem="persist" outcome="ok" path=/Users/hl1sqi/.config/herdr/session.json workspaces=2
2026-08-26T04:14:46.960262Z  INFO herdr::logging: pane child exited event="pane.exit" subsystem="pane" outcome="completed" pane_id=45 status="ExitStatus { code: 0, signal: None }"
2026-08-26T04:14:46.964629Z  INFO herdr::pane: pane session terminated pane=45 pid=52455 signal=Hangup
2026-08-26T04:14:48.888411Z  INFO herdr::logging: api request received event="api.request.start" subsystem="api" outcome="started" request_id="cli:pane:split" method="pane.split" changes_ui=true
2026-08-26T04:14:48.888713Z  INFO herdr::logging: spawning pane terminal event="pane.spawn.start" subsystem="pane" outcome="started" pane_id=46 rows=76 cols=268 scrollback_limit_bytes=10000000
2026-08-26T04:14:48.892098Z  INFO herdr::logging: pane child spawned event="pane.spawned" subsystem="pane" outcome="ok" pane_id=46 pid=53001
2026-08-26T04:14:48.892233Z  INFO herdr::logging: tab focused event="tab.focus" subsystem="tab" outcome="ok" workspace_id="wM" tab_id="wM:t1"
2026-08-26T04:14:48.893567Z  INFO herdr::logging: api request completed event="api.request.complete" subsystem="api" outcome="ok" request_id="cli:pane:split" method="pane.split"
2026-08-26T04:14:51.419431Z  INFO herdr::logging: api request received event="api.request.start" subsystem="api" outcome="started" request_id="cli:pane:close" method="pane.close" changes_ui=true
2026-08-26T04:14:51.420509Z  INFO herdr::logging: pane child exited event="pane.exit" subsystem="pane" outcome="completed" pane_id=46 status="ExitStatus { code: 1, signal: None }"
2026-08-26T04:14:51.442002Z  INFO herdr::pane: pane session terminated pane=46 pid=53001 signal=Hangup
2026-08-26T04:14:51.443731Z  WARN herdr::app::actions: PaneDied for unknown pane pane=46
2026-08-26T04:14:51.443741Z  INFO herdr::logging: api request completed event="api.request.complete" subsystem="api" outcome="ok" request_id="cli:pane:close" method="pane.close"
2026-08-26T04:14:54.074999Z  INFO herdr::logging: api request received event="api.request.start" subsystem="api" outcome="started" request_id="cli:pane:split" method="pane.split" changes_ui=true
2026-08-26T04:14:54.075176Z  INFO herdr::logging: spawning pane terminal event="pane.spawn.start" subsystem="pane" outcome="started" pane_id=47 rows=76 cols=268 scrollback_limit_bytes=10000000
2026-08-26T04:14:54.079757Z  INFO herdr::logging: pane child spawned event="pane.spawned" subsystem="pane" outcome="ok" pane_id=47 pid=53425
2026-08-26T04:14:54.079973Z  INFO herdr::logging: tab focused event="tab.focus" subsystem="tab" outcome="ok" workspace_id="wM" tab_id="wM:t1"
2026-08-26T04:14:54.081601Z  INFO herdr::logging: api request completed event="api.request.complete" subsystem="api" outcome="ok" request_id="cli:pane:split" method="pane.split"
2026-08-26T04:14:59.087235Z  INFO herdr::logging: session saved event="persist.save" subsystem="persist" outcome="ok" path=/Users/hl1sqi/.config/herdr/session.json workspaces=2
2026-08-26T04:15:04.853661Z  INFO herdr::logging: api request received event="api.request.start" subsystem="api" outcome="started" request_id="cli:pane:close" method="pane.close" changes_ui=true
2026-08-26T04:15:04.855024Z  INFO herdr::logging: pane child exited event="pane.exit" subsystem="pane" outcome="completed" pane_id=47 status="ExitStatus { code: 1, signal: None }"
2026-08-26T04:15:04.878904Z  INFO herdr::pane: pane session terminated pane=47 pid=53425 signal=Hangup
2026-08-26T04:15:04.880592Z  WARN herdr::app::actions: PaneDied for unknown pane pane=47
2026-08-26T04:15:04.880601Z  INFO herdr::logging: api request completed event="api.request.complete" subsystem="api" outcome="ok" request_id="cli:pane:close" method="pane.close"
2026-08-26T04:15:06.496834Z  INFO herdr::logging: api request received event="api.request.start" subsystem="api" outcome="started" request_id="cli:pane:split" method="pane.split" changes_ui=true
2026-08-26T04:15:06.497007Z  INFO herdr::logging: spawning pane terminal event="pane.spawn.start" subsystem="pane" outcome="started" pane_id=48 rows=76 cols=268 scrollback_limit_bytes=10000000
2026-08-26T04:15:06.501524Z  INFO herdr::logging: pane child spawned event="pane.spawned" subsystem="pane" outcome="ok" pane_id=48 pid=53845
2026-08-26T04:15:06.501727Z  INFO herdr::logging: tab focused event="tab.focus" subsystem="tab" outcome="ok" workspace_id="wM" tab_id="wM:t1"
2026-08-26T04:15:06.503365Z  INFO herdr::logging: api request completed event="api.request.complete" subsystem="api" outcome="ok" request_id="cli:pane:split" method="pane.split"
2026-08-26T04:15:08.861309Z  INFO herdr::logging: api request received event="api.request.start" subsystem="api" outcome="started" request_id="cli:pane:close" method="pane.close" changes_ui=true
2026-08-26T04:15:08.862082Z  INFO herdr::logging: pane child exited event="pane.exit" subsystem="pane" outcome="completed" pane_id=48 status="ExitStatus { code: 1, signal: None }"
2026-08-26T04:15:08.886478Z  INFO herdr::pane: pane session terminated pane=48 pid=53845 signal=Hangup
2026-08-26T04:15:08.888389Z  WARN herdr::app::actions: PaneDied for unknown pane pane=48
2026-08-26T04:15:08.888403Z  INFO herdr::logging: api request completed event="api.request.complete" subsystem="api" outcome="ok" request_id="cli:pane:close" method="pane.close"
2026-08-26T04:15:13.890358Z  INFO herdr::logging: session saved event="persist.save" subsystem="persist" outcome="ok" path=/Users/hl1sqi/.config/herdr/session.json workspaces=2
2026-08-26T04:18:00.929471Z  INFO herdr::pane: agent changed pane=28 previous_agent=Some(Claude) agent=None pgid=Some(29372)
2026-08-26T04:18:06.785686Z  INFO herdr::logging: workspace focused event="workspace.focus" subsystem="workspace" outcome="ok" workspace_id="wN"
2026-08-26T04:18:06.785845Z  INFO herdr::logging: tab focused event="tab.focus" subsystem="tab" outcome="ok" workspace_id="wN" tab_id="wN:t1"
2026-08-26T04:18:11.800323Z  INFO herdr::logging: session saved event="persist.save" subsystem="persist" outcome="ok" path=/Users/hl1sqi/.config/herdr/session.json workspaces=2
2026-08-26T04:18:13.316899Z  INFO herdr::pane: agent changed pane=30 previous_agent=Some(Claude) agent=None pgid=Some(44841)
2026-08-26T04:18:15.263261Z  INFO herdr::logging: pane child exited event="pane.exit" subsystem="pane" outcome="completed" pane_id=30 status="ExitStatus { code: 0, signal: None }"
2026-08-26T04:18:15.265026Z  INFO herdr::pane: pane session terminated pane=30 pid=44841 signal=Hangup
2026-08-26T04:18:16.542904Z  INFO herdr::logging: pane child exited event="pane.exit" subsystem="pane" outcome="completed" pane_id=41 status="ExitStatus { code: 0, signal: None }"
2026-08-26T04:18:16.544297Z  INFO herdr::pane: pane session terminated pane=41 pid=49531 signal=Hangup
2026-08-26T04:18:18.253193Z  INFO herdr::logging: pane child exited event="pane.exit" subsystem="pane" outcome="completed" pane_id=28 status="ExitStatus { code: 0, signal: None }"
2026-08-26T04:18:18.255114Z  INFO herdr::pane: pane session terminated pane=28 pid=29372 signal=Hangup
2026-08-26T04:18:18.255326Z  INFO herdr::logging: spawning pane terminal event="pane.spawn.start" subsystem="pane" outcome="started" pane_id=49 rows=76 cols=268 scrollback_limit_bytes=10000000
2026-08-26T04:18:18.260359Z  INFO herdr::logging: pane child spawned event="pane.spawned" subsystem="pane" outcome="ok" pane_id=49 pid=55063
2026-08-26T04:18:18.260629Z  INFO herdr::logging: workspace created event="workspace.create" subsystem="workspace" outcome="ok" workspace_id="wP" pane_id=49
2026-08-26T04:18:18.260640Z  INFO herdr::logging: workspace focused event="workspace.focus" subsystem="workspace" outcome="ok" workspace_id="wP"
2026-08-26T04:18:18.260663Z  INFO herdr::logging: tab focused event="tab.focus" subsystem="tab" outcome="ok" workspace_id="wP" tab_id="wP:t1"
2026-08-26T04:18:21.545694Z  INFO herdr::logging: spawning pane terminal event="pane.spawn.start" subsystem="pane" outcome="started" pane_id=50 rows=76 cols=268 scrollback_limit_bytes=10000000
2026-08-26T04:18:21.555571Z  INFO herdr::logging: pane child spawned event="pane.spawned" subsystem="pane" outcome="ok" pane_id=50 pid=55421
2026-08-26T04:18:21.555960Z  INFO herdr::logging: tab focused event="tab.focus" subsystem="tab" outcome="ok" workspace_id="wP" tab_id="wP:t1"
2026-08-26T04:18:22.355875Z  INFO herdr::logging: tab focused event="tab.focus" subsystem="tab" outcome="ok" workspace_id="wP" tab_id="wP:t1"
2026-08-26T04:18:23.078265Z  INFO herdr::logging: tab focused event="tab.focus" subsystem="tab" outcome="ok" workspace_id="wP" tab_id="wP:t1"
2026-08-26T04:18:24.067871Z  INFO herdr::logging: tab focused event="tab.focus" subsystem="tab" outcome="ok" workspace_id="wP" tab_id="wP:t1"
2026-08-26T04:18:29.079899Z  INFO herdr::logging: session saved event="persist.save" subsystem="persist" outcome="ok" path=/Users/hl1sqi/.config/herdr/session.json workspaces=1
2026-08-26T04:18:36.015975Z  INFO herdr::logging: tab focused event="tab.focus" subsystem="tab" outcome="ok" workspace_id="wP" tab_id="wP:t1"
2026-08-26T04:18:41.031280Z  INFO herdr::logging: session saved event="persist.save" subsystem="persist" outcome="ok" path=/Users/hl1sqi/.config/herdr/session.json workspaces=1
2026-08-26T04:18:50.753400Z  INFO herdr::logging: tab focused event="tab.focus" subsystem="tab" outcome="ok" workspace_id="wP" tab_id="wP:t1"
2026-08-26T04:18:55.768409Z  INFO herdr::logging: session saved event="persist.save" subsystem="persist" outcome="ok" path=/Users/hl1sqi/.config/herdr/session.json workspaces=1
2026-08-26T04:19:14.492025Z  INFO herdr::logging: tab focused event="tab.focus" subsystem="tab" outcome="ok" workspace_id="wP" tab_id="wP:t1"
2026-08-26T04:19:16.806660Z  INFO herdr::logging: tab focused event="tab.focus" subsystem="tab" outcome="ok" workspace_id="wP" tab_id="wP:t1"
2026-08-26T04:19:18.494408Z  INFO herdr::logging: pane child exited event="pane.exit" subsystem="pane" outcome="completed" pane_id=49 status="ExitStatus { code: 0, signal: None }"
2026-08-26T04:19:18.494653Z  INFO herdr::pane: pane session terminated pane=49 pid=55063 signal=Hangup
2026-08-26T04:19:20.029712Z  INFO herdr::logging: pane child exited event="pane.exit" subsystem="pane" outcome="completed" pane_id=50 status="ExitStatus { code: 0, signal: None }"
2026-08-26T04:19:20.029839Z  INFO herdr::pane: pane session terminated pane=50 pid=55421 signal=Hangup
2026-08-26T04:19:20.029945Z  INFO herdr::logging: spawning pane terminal event="pane.spawn.start" subsystem="pane" outcome="started" pane_id=51 rows=76 cols=268 scrollback_limit_bytes=10000000
2026-08-26T04:19:20.033532Z  INFO herdr::logging: pane child spawned event="pane.spawned" subsystem="pane" outcome="ok" pane_id=51 pid=56087
2026-08-26T04:19:20.033715Z  INFO herdr::logging: workspace created event="workspace.create" subsystem="workspace" outcome="ok" workspace_id="wQ" pane_id=51
2026-08-26T04:19:20.033723Z  INFO herdr::logging: workspace focused event="workspace.focus" subsystem="workspace" outcome="ok" workspace_id="wQ"
2026-08-26T04:19:20.033737Z  INFO herdr::logging: tab focused event="tab.focus" subsystem="tab" outcome="ok" workspace_id="wQ" tab_id="wQ:t1"
2026-08-26T04:19:21.396387Z  INFO herdr::server::headless: client detach requested via keybind client_id=6
2026-08-26T04:19:21.401457Z  INFO herdr::server::headless: client disconnected client_id=6
2026-08-26T04:19:25.042197Z  INFO herdr::logging: session saved event="persist.save" subsystem="persist" outcome="ok" path=/Users/hl1sqi/.config/herdr/session.json workspaces=1
2026-08-26T04:21:53.916540Z  INFO herdr::server::headless: client connected client_id=10 cols=294 rows=77 cell_width_px=0 cell_height_px=0 render_encoding=SemanticFrame
2026-08-26T04:22:04.629438Z  INFO herdr::pane: agent changed pane=51 previous_agent=None agent=Some(Claude) process=claude pgid=Some(58821)
2026-08-26T04:22:08.234845Z  INFO herdr::logging: api request received event="api.request.start" subsystem="api" outcome="started" request_id="cli:pane:split" method="pane.split" changes_ui=true
2026-08-26T04:22:08.235083Z  INFO herdr::logging: spawning pane terminal event="pane.spawn.start" subsystem="pane" outcome="started" pane_id=52 rows=76 cols=268 scrollback_limit_bytes=10000000
2026-08-26T04:22:08.240630Z  INFO herdr::logging: pane child spawned event="pane.spawned" subsystem="pane" outcome="ok" pane_id=52 pid=58963
2026-08-26T04:22:08.240886Z  INFO herdr::logging: tab focused event="tab.focus" subsystem="tab" outcome="ok" workspace_id="wQ" tab_id="wQ:t1"
2026-08-26T04:22:08.243093Z  INFO herdr::logging: api request completed event="api.request.complete" subsystem="api" outcome="ok" request_id="cli:pane:split" method="pane.split"
2026-08-26T04:22:13.250759Z  INFO herdr::logging: session saved event="persist.save" subsystem="persist" outcome="ok" path=/Users/hl1sqi/.config/herdr/session.json workspaces=1
2026-08-26T04:22:13.629373Z  INFO herdr::logging: api request received event="api.request.start" subsystem="api" outcome="started" request_id="cli:notification:show" method="notification.show" changes_ui=true
2026-08-26T04:22:13.629429Z  INFO herdr::logging: api request completed event="api.request.complete" subsystem="api" outcome="ok" request_id="cli:notification:show" method="notification.show"
2026-08-26T04:22:26.634759Z  INFO herdr::logging: api request received event="api.request.start" subsystem="api" outcome="started" request_id="cli:notification:show" method="notification.show" changes_ui=true
2026-08-26T04:22:26.635013Z  INFO herdr::logging: api request completed event="api.request.complete" subsystem="api" outcome="ok" request_id="cli:notification:show" method="notification.show"
2026-08-26T04:22:28.433982Z  INFO herdr::logging: api request received event="api.request.start" subsystem="api" outcome="started" request_id="cli:notification:show" method="notification.show" changes_ui=true
2026-08-26T04:22:28.434036Z  INFO herdr::logging: api request completed event="api.request.complete" subsystem="api" outcome="ok" request_id="cli:notification:show" method="notification.show"
2026-08-26T04:22:31.973276Z  INFO herdr::logging: checking for updates event="update.check.start" subsystem="update" outcome="started"
2026-08-26T04:23:41.157191Z  INFO herdr::logging: api request received event="api.request.start" subsystem="api" outcome="started" request_id="cli:agent:prompt" method="agent.prompt" changes_ui=true
2026-08-26T04:23:41.158039Z  INFO herdr::logging: api request completed event="api.request.complete" subsystem="api" outcome="ok" request_id="cli:agent:prompt" method="agent.prompt"
2026-08-26T04:24:33.446613Z  INFO herdr::logging: tab focused event="tab.focus" subsystem="tab" outcome="ok" workspace_id="wQ" tab_id="wQ:t1"
2026-08-26T04:24:38.459970Z  INFO herdr::logging: session saved event="persist.save" subsystem="persist" outcome="ok" path=/Users/hl1sqi/.config/herdr/session.json workspaces=1
2026-08-26T04:24:42.668188Z  INFO herdr::logging: tab focused event="tab.focus" subsystem="tab" outcome="ok" workspace_id="wQ" tab_id="wQ:t1"
2026-08-26T04:24:47.679237Z  INFO herdr::logging: session saved event="persist.save" subsystem="persist" outcome="ok" path=/Users/hl1sqi/.config/herdr/session.json workspaces=1
2026-08-26T04:24:59.929018Z  INFO herdr::logging: tab focused event="tab.focus" subsystem="tab" outcome="ok" workspace_id="wQ" tab_id="wQ:t1"
2026-08-26T04:25:04.941951Z  INFO herdr::logging: session saved event="persist.save" subsystem="persist" outcome="ok" path=/Users/hl1sqi/.config/herdr/session.json workspaces=1
2026-08-26T04:27:30.795303Z  INFO herdr::pane: agent changed pane=51 previous_agent=Some(Claude) agent=None pgid=Some(56087)
2026-08-26T04:27:36.707694Z  INFO herdr::logging: tab focused event="tab.focus" subsystem="tab" outcome="ok" workspace_id="wQ" tab_id="wQ:t1"
2026-08-26T04:27:37.994658Z  INFO herdr::logging: pane child exited event="pane.exit" subsystem="pane" outcome="completed" pane_id=52 status="ExitStatus { code: 0, signal: None }"
2026-08-26T04:27:37.997409Z  INFO herdr::pane: pane session terminated pane=52 pid=58963 signal=Hangup
2026-08-26T04:27:39.739580Z  INFO herdr::logging: pane child exited event="pane.exit" subsystem="pane" outcome="completed" pane_id=51 status="ExitStatus { code: 0, signal: None }"
2026-08-26T04:27:39.741314Z  INFO herdr::pane: pane session terminated pane=51 pid=56087 signal=Hangup
2026-08-26T04:27:39.741456Z  INFO herdr::logging: spawning pane terminal event="pane.spawn.start" subsystem="pane" outcome="started" pane_id=53 rows=76 cols=268 scrollback_limit_bytes=10000000
2026-08-26T04:27:39.745584Z  INFO herdr::logging: pane child spawned event="pane.spawned" subsystem="pane" outcome="ok" pane_id=53 pid=61707
2026-08-26T04:27:39.745765Z  INFO herdr::logging: workspace created event="workspace.create" subsystem="workspace" outcome="ok" workspace_id="wR" pane_id=53
2026-08-26T04:27:39.745773Z  INFO herdr::logging: workspace focused event="workspace.focus" subsystem="workspace" outcome="ok" workspace_id="wR"
2026-08-26T04:27:39.745796Z  INFO herdr::logging: tab focused event="tab.focus" subsystem="tab" outcome="ok" workspace_id="wR" tab_id="wR:t1"
2026-08-26T04:27:42.445162Z  INFO herdr::server::headless: client detach requested via keybind client_id=10
2026-08-26T04:27:42.451664Z  INFO herdr::server::headless: client disconnected client_id=10
2026-08-26T04:27:44.757950Z  INFO herdr::logging: session saved event="persist.save" subsystem="persist" outcome="ok" path=/Users/hl1sqi/.config/herdr/session.json workspaces=1
